frame,wrist_x_sm,wrist_y_sm,elbow_x_sm,elbow_y_sm,wrist_vx_mps,wrist_vy_mps,wrist_speed_mps_sm,wrist_speed_kmh_sm,forearm_angle_rad,wrist_angular_vel_rads_sm
1,1846.8691221294982,534.242143110795,1886.1268451112674,497.416379431522,-0.2091415617840338,-0.24591722997123713,0.3243293693236401,1.1675857295651044,2.3881479620464314,1.0489467716609029
2,1845.9268447413592,533.1341746937142,1884.923715672347,497.8677255341499,-0.22583120316156702,-0.25226842000159133,0.3404156862742819,1.225496470587415,2.406384662991494,1.3328272999091477
3,1844.8341785777702,531.9689763056765,1884.0537295915335,498.1345914898495,-0.2592104859166334,-0.2649708000622998,0.3666188491491726,1.3198278569370214,2.4297763400811987,1.5890655486350473
4,1843.5911236387312,530.7465479466821,1883.5168868688268,498.21697729862086,-0.29258976867197745,-0.27767318012308395,0.40293885794831213,1.4505798886139236,2.457921467403955,1.8176615178386017
5,1842.1976799242398,529.4668896167302,1883.313187504225,498.1148829604633,-0.31912476108823834,-0.2774092344491533,0.44937571267170007,1.6177525656181202,2.490117400678941,2.018615207519809
6,1840.7155206853668,528.2468396471685,1884.0396215925975,497.71282575863194,-0.43324945758538763,-0.3488392703917517,0.47205569414486614,1.6994004989215181,2.527665000866839,2.071952525654444
7,1838.2937101554019,526.323532038436,1884.42159228304,496.88572025711846,-0.4630201486268325,-0.3757531523293193,0.567138375630492,2.0416981522697712,2.573572908922385,2.301589783853784
8,1836.5432900432875,524.8609636315012,1884.517508370533,496.28366881531485,-0.4308483040723101,-0.35072448143902474,0.7326374979962897,2.6374949927866433,2.6043554872627572,2.6644955169499296
9,1834.4113769531223,523.1631870022061,1884.1223773378288,495.6608282972717,-0.5611729283772539,-0.5438978797445468,0.8927374407153449,3.213854786575242,2.636261551180878,3.051154970595254
10,1831.4866140126123,519.9599514255269,1884.320712531281,495.0059155220586,-0.8004729407530765,-0.8956048085318794,1.0088132859114862,3.6317278292813504,2.7003419779117017,3.4449438761047215
11,1827.1983912083983,515.0929770201308,1882.7254527698838,493.5803897742062,-0.8074266916484916,-0.9296722296056541,1.0925722169341263,3.933259980962855,2.771973333506553,3.8181605078624514
12,1824.2109686781291,511.5827631434313,1881.6490282991722,493.320880047686,-0.6388791916089825,-0.7796201915657718,1.094733401102214,3.941040243967971,2.8337590574049925,3.924597516294849
13,1821.4415114101369,508.06789342046227,1880.8677809413866,493.18834247011057,-0.548124455910869,-0.7226872284513292,0.9559793280226823,3.441525580881656,2.896250016350831,3.522003895651164
14,1819.2718711952084,505.07069707432794,1879.9820746880046,493.4602190818614,-0.5093519022777991,-0.6212842061603908,0.7396591896669762,2.6627730828011145,2.952630073545121,2.8536625194043896
15,1816.8517897304491,502.4695603672037,1879.2539638502747,493.39017859784997,-0.3263074027160992,-0.46417907289991805,0.57200020905946,2.059200752614056,2.9971086744278135,2.2145524930515528
16,1816.3315461394047,500.8880234755472,1878.78711888697,493.63134871313514,-0.1518391216419734,-0.32092298720585544,0.4299366401061584,1.5477719043821703,3.025921922346238,1.5650243014632712
17,1815.4835818071874,499.5777537688541,1878.3804070278652,493.41982265984274,-0.1145325712210752,-0.26297162746842084,0.29357659957908194,1.056875758484695,3.043998411310871,0.962233872547458
18,1815.2995040034807,498.5184110831382,1878.3327446479275,493.0910633962385,-0.12105510675447442,-0.22384202950951393,0.19733789031636498,0.7104164051389139,3.0557015474906,0.5934999477149743
19,1814.3927657222307,497.56073447223275,1878.2005144920158,492.66587228485963,0.00831958875494398,-0.108038669021066,0.14540320649919394,0.5234515433970982,3.065029944070476,0.46345594287141856
20,1815.3744710286433,497.5448848839955,1878.2825383438148,492.9204290480834,0.06508554608301656,-0.07371243369509968,0.09902097555337619,0.35647551199215427,3.0682133100309223,0.4657701546013616
21,1814.9792454046578,496.8965187237885,1878.4017048625176,492.79724689169814,-0.005217805576405833,-0.0927631741735996,0.052174691667593975,0.18782889000333833,3.0770480466051318,0.5118386651949155
22,1815.3274538775001,496.7090047200514,1877.9896773961686,493.4152715773803,0.034624429574844844,-0.018437931431137564,0.03393799283563611,0.12217677420829,3.089077684317716,0.527035156582752
23,1815.2912428554494,496.7303762724898,1877.7594432748215,494.027714716923,-0.007987072625108348,0.010142284424007334,0.0725144602615054,0.2610520569414195,3.098355020277766,0.46689535749067634
24,1815.2554831236446,496.8003958830062,1877.3295475683144,494.54840497433815,-0.09354581861991355,0.015619182815503032,0.1258398490770685,0.4530234566774466,3.1053294621060665,0.28037243328309674
25,1814.4483103566329,496.87111924736973,1876.4189849457157,494.87609612270796,-0.20759832334383396,0.043482744308151806,0.20616298457684135,0.7421867444766289,3.1094107488667118,0.05407032132967858
26,1813.384834322576,497.19221476765347,1875.8921025263771,495.0166485939184,-0.3204469085564872,0.06471548260712907,0.28170876981583304,1.014151571336999,3.1068016862562042,-0.10370159636456307
27,1811.560793657837,497.45426432291595,1875.5306343640057,494.94645578623783,-0.3220632184425316,0.043242667075981484,0.30297912375131814,1.0907248455047454,3.1024097360781138,-0.17856990573152276
28,1810.482753208703,497.5818703391328,1875.9317098510187,494.6365855823856,-0.31989969374039806,-0.027114124675717888,0.2739005364693773,0.9860419312897583,3.0966217458396144,-0.22267571059052596
29,1808.6782078598458,497.2099415172223,1876.3039962966695,494.24720004523397,-0.18702032513858308,0.011405743088883986,0.20587145767357476,0.7411372476248691,3.0978098279838373,-0.22031267889651057
30,1808.7975307976503,497.6846464082785,1876.8390257203705,494.3680799079657,-0.009299719632816922,0.06669349908218933,0.11960448490137002,0.4305761456449321,3.0928879091908397,-0.15501762410355416
31,1808.5944089683076,497.81091031161156,1877.5047422466828,494.4487033860501,0.043294479774499794,0.07136337144343873,0.06417055165032239,0.2310139859411606,3.0928402737187484,-0.12303970653047348
32,1809.1876532484416,498.32769497958026,1878.0840715680777,494.328107693494,0.027691145721654202,0.030066495513885516,0.04470401465997134,0.16093445277589682,3.083605554946207,-0.1410031927620905
33,1808.843931255916,498.08183665089723,1877.306428190947,494.36650567653305,-0.03702546579828232,0.03668855130696419,0.08335935126477848,0.3000936645532025,3.0873777137393437,-0.19470133756271435
34,1808.8540202879776,498.65829203551914,1875.928254891265,494.7538823379576,0.029497582114351526,0.16395629970436554,0.15751054449600377,0.5670379601856136,3.083447991679814,-0.30602558817943054
35,1809.1097311705196,499.5592313163717,1874.5832926432265,495.4074803472074,0.0593943595189381,0.24470087775810695,0.2552677863607241,0.9189640308986068,3.078266334137678,-0.40079749193411834
36,1809.3892172280816,500.8632684352587,1873.333521459007,496.24646339581574,0.13374860212496895,0.3534802455179084,0.4015287537867676,1.4455035136323635,3.0695173095818036,-0.5237438350863084
37,1810.314927138289,502.74440828133385,1873.0101978912985,497.43279381954244,0.22686930444414857,0.44007026067369986,0.5098062700109371,1.8353025720393739,3.0570733507909083,-0.5695520928991514
38,1811.4335150120037,504.8286998137761,1873.8081947755995,498.8633864101387,0.3572247172795644,0.4983141261124459,0.5443984221694724,1.9598343198101007,3.0462458630013964,-0.48294635244266937
39,1813.5338451831344,507.23466960692235,1876.5505767425907,500.8956927675182,0.4059566274816808,0.5311739037288317,0.5479105904514097,1.9724781256250747,3.041337931807079,-0.518203361202628
40,1815.0915516774864,509.6150574787347,1878.9596909031698,502.3244236537382,0.2007196378181441,0.4063913322104815,0.5305312120631658,1.909912363427397,3.0279332879730445,-0.717273840315753
41,1815.3425108013705,510.89662335548485,1879.615503880882,503.393327192826,0.08611880402651634,0.3925903440741464,0.5237767628066187,1.8855963461038272,3.025377651077935,-1.1344877343704047
42,1815.86756005225,513.1526518322165,1879.2949789468316,504.12481451653747,0.032308076471590466,0.5383659578506274,0.5414150371041572,1.9490941335749659,3.000208948909887,-1.723278707738301
43,1815.6336358140534,515.7477879379727,1878.3561943021145,504.48011786390623,-0.20977592280282253,0.5823974564014158,0.581752633291154,2.0943094798481545,2.963845509911721,-2.236265778172342
44,1813.9772891090004,518.400580071783,1876.2891053038732,504.46274556742014,-0.2621818136928943,0.6440019485932764,0.6534946807086801,2.3525808505512487,2.921536069560235,-2.5235315456946052
45,1813.2711403586623,521.5508284135291,1875.1573385923944,504.55909431754696,-0.11447052500141942,0.67885850902716,0.6714339921770074,2.4171623718372266,2.873631653807315,-2.429624547445136
46,1812.9458060656766,524.5177097072842,1875.1527347977517,504.7090222907782,0.14187870946619188,0.5928788544974983,0.6338673513891393,2.2819224650009016,2.83331255102803,-1.9819471774230655
47,1814.5495959525474,526.8932035371847,1876.8680013020805,505.24272069889673,0.37487932984900196,0.442225311199328,0.5703912058479479,2.0534083410526125,2.807220663811716,-1.4599931944786724
48,1816.3238081498553,528.5025600416827,1878.4036410773444,505.7971431847767,0.39953009351874097,0.23220533797780096,0.46450915080852195,1.672232942910679,2.7909601373142077,-0.8773516225444093
49,1818.1497237300432,528.9855838131588,1879.889751483865,505.8099058737479,0.3959725814434695,8.828977663319437e-05,0.3714905182110265,1.3373658655596956,2.7824930434846347,-0.3623124284767713
50,1819.8918795234688,528.5033556124857,1880.818647376384,505.2915988938626,0.2719427748355768,-0.09508046559399952,0.29618250704979,1.066257025379244,2.7775913456965657,-0.10961522714496888
51,1820.6001742804694,528.1288227560192,1880.7197667241587,504.99924445874694,-0.01642060826543752,-0.16001048561414913,0.2356085576637334,0.8481908075894402,2.774322346972147,-0.022010682361230154
52,1819.7439149798743,527.06151630352,1879.762130407025,504.67256580699495,-0.17887432505107193,-0.15350290450985474,0.19420949939293147,0.6991541978145533,2.784545023167442,-0.0004090301464104982
53,1818.988354703562,526.7456226431439,1878.3659916336892,504.36381431678603,-0.19519981141833773,-0.06475077212760388,0.16086506175722132,0.5791142223259967,2.781122219688947,0.01617401720859392
54,1817.9849879937744,526.478053237452,1877.0170887868617,504.0237144040848,-0.14052935080112622,-0.1324851581212689,0.18760634036515123,0.6753828253145444,2.7781179501148308,0.19821926671994805
55,1817.7220580526218,525.5518114494548,1876.0378423253153,503.66207278032766,-0.059823405022625904,-0.17138582136382804,0.2560670156070293,0.9218412561853055,2.7825015061031566,0.5424656268242696
56,1817.4459249653314,524.9337118569899,1875.6954921705872,503.71312749953427,-0.17523189527631203,-0.22472222961401145,0.3412107896511941,1.2283588427442989,2.7922315965472593,1.1264869742147114
57,1816.1430600649323,523.5268607531783,1874.9002072553071,503.6717730105174,-0.3544667686811886,-0.3979632505384394,0.4787081942558157,1.7233494993209364,2.8157217414465077,1.8527084676336858
58,1814.2518585337161,521.3477027529755,1874.2694160494427,503.8858819606494,-0.4251582904046573,-0.44572216986948543,0.6078375961270537,2.1882153460573934,2.8584635689853246,2.367255016621556
59,1812.3119990361174,519.5105005569781,1873.3774461622334,504.3269307190199,-0.4432868117650593,-0.5434167283182533,0.6931815374394348,2.4954535347819653,2.897890434938717,2.653079171387354
60,1810.2574431184025,516.4510261568665,1872.1476691440043,504.53594825381253,-0.3892825563038942,-0.648130411975606,0.6839053903297548,2.4620594051871176,2.951400080297863,2.6125038667151217
61,1808.8042108444915,513.6702588894659,1870.2882217473255,504.3018753910471,-0.31033677615508365,-0.53080309253153,0.5795455570372072,2.0863640053339463,2.990384637961349,2.2321070843898325
62,1807.4610278637354,511.6680098364356,1868.9267868768575,504.28050938725914,-0.2376702728260065,-0.42761374902113547,0.4950646196727593,1.7822326308219334,3.0219775375658102,1.7495777667319032
63,1806.6625865589463,509.81707195595675,1867.5651955872877,504.2344512278892,-0.23169043645759277,-0.24828662731428067,0.4470643404753409,1.609431625711227,3.05018338015284,1.2468510255509635
64,1805.3732873165218,509.43072258755166,1866.4972383573431,504.4559067234841,-0.333862497596544,-0.025341951519126115,0.44374060764183276,1.597466187510598,3.060382676739428,0.8110925427252884
65,1803.6541832597713,509.58871803448756,1865.258821825958,505.2814459202086,-0.5722538671301095,0.1378518628958606,0.4984653311691769,1.794475192209037,3.0717882688145037,0.4819313166390805
66,1800.2167619977654,510.67289264893566,1864.3830640388232,506.5779206247033,-0.6033947357477646,0.24961554825955712,0.5748741052553035,2.0695467789190927,3.077860972433652,0.13584487644305554
67,1798.217050527595,511.837980063962,1863.7657243472645,507.8741481500263,-0.5818485702079247,0.23763367845826416,0.6566966466213982,2.3641079278370336,3.081194622723169,-0.08376921199660203
68,1794.973779719627,512.8141871861042,1861.5154918323838,508.4405372256317,-0.6249350368056531,0.1404128382048431,0.678245370492535,2.441683333773126,3.0759591163052464,-0.22300149150070797
69,1792.585820185671,513.1032268309482,1858.595669304651,508.3492263859994,-0.6340611091262046,0.12831790119046527,0.6197215912526605,2.230997728509578,3.06969722258975,-0.39071507364055835
70,1789.2603152056254,513.9704476228517,1855.5619440780547,508.37050506459616,-0.6158569945927098,0.0759234900239406,0.5542970641031484,1.9954694307713343,3.0573310277727024,-0.5194617385177102
71,1787.036391221081,513.7873661982542,1852.5308991139045,508.3309554723427,-0.45581223108122804,0.06305664056533121,0.47990916417608487,1.7276729910339055,3.058473634732418,-0.5543626968217876
72,1785.1530344248827,514.5386450300995,1849.633380047684,508.20875952254056,-0.3239195029322955,0.12703374090410932,0.4066706671219149,1.4640144016388936,3.0437385130807626,-0.5650722475926904
73,1784.1175833037382,514.9320551884632,1847.359478574808,508.0272980396875,-0.3150700582280637,0.13733001196441708,0.36819027612084065,1.3254849940350264,3.032843285728984,-0.6488215359250765
74,1782.313968014405,515.7761127422375,1844.7269593606238,508.1063826920142,-0.2712513524069222,0.17662943066105483,0.3401867294305674,1.2246722259500427,3.019318929733106,-0.8808789458929707
75,1781.6733630952356,516.5236462349492,1842.8343347326477,508.6288075632856,-0.269413247811339,0.2359697196559102,0.3056868802758625,1.100472768993105,3.013219564006377,-1.0691515394389985
76,1779.88631079207,517.9024135044635,1839.9910471201952,508.7851068405871,-0.26957815704538374,0.2298526837309044,0.2586568981466918,0.9311648333280905,2.9910499929904257,-1.0031054054003212
77,1779.244219891434,518.5948269666524,1837.410861721284,508.74338627274346,-0.1217720396798751,0.11165630669815343,0.2044659525928515,0.7360774293342655,2.9738189329003384,-0.7090940183937307
78,1778.7890344925231,518.9085378935836,1834.3344404212298,508.21264952292097,-0.06914628935933771,-0.022057167179561046,0.16742085149457137,0.6027150653804569,2.951359939040613,-0.1698187168871401
79,1778.6211492365032,518.3960719253071,1832.7223862156698,508.54367408917506,-0.11776425267604371,-0.09654752441294422,0.16792710202092442,0.6045375672753279,2.9614563024158493,0.6645021617798128
80,1777.7278719815315,518.0385573085762,1831.9750506248283,509.2954098920278,-0.1769372279992209,-0.12127068511306605,0.18675393429004108,0.672314163444148,2.9817944752558376,1.5350618667875024
81,1777.0267846573975,517.3033132842086,1832.5325621237462,510.2069358660538,-0.25607073021710147,-0.10210799167306159,0.22933639080329807,0.8256110068918731,3.014433138765629,1.9628360761345045
82,1775.420442919708,517.118471880495,1832.8822301559094,511.7321085083529,-0.332792288275021,0.026566719263954246,0.26594774618208356,0.9574118862555008,3.0481275891679296,1.7307426679718625
83,1774.02802491291,517.5427034716579,1834.196160122427,514.3418727065571,-0.21806929732315494,0.09600315387061972,0.30251305861679223,1.089047011020452,3.088444647930192,1.0143858751184092
84,1773.4554411652775,517.9835471941788,1833.74370730181,515.171851880622,-0.11990467131908973,0.29491415611524635,0.3998637224836674,1.4395094009412028,3.0949889010524356,0.2024074161719541
85,1772.9475752925434,520.2001469599728,1832.788201138052,516.5905422194172,-0.20555103267505376,0.4366389522511912,0.5261105335320642,1.893997920715431,3.081345349582281,-0.5677249651158156
86,1771.6032403062409,521.9180593779586,1830.4493799250854,516.9698898513589,-0.5124858228176824,0.4383618490977147,0.6497529761409394,2.339110714107382,3.0577034351718106,-1.1935160393990742
87,1768.3296141521214,524.1501840038209,1828.4211536754233,517.9078572591138,-0.7347836462474473,0.46100628550550093,0.7409320168347083,2.66735526060495,3.0380836209532815,-1.4524069766598247
88,1764.982174563715,526.0721432904653,1826.6428264931656,518.479928152901,-0.6405068785901358,0.42666789604059513,0.7220361478922082,2.5993301324119495,3.019080285059035,-1.5137517115647499
89,1762.558067420858,527.994847945836,1825.6465070980425,518.4263255461979,-0.44730392329531155,0.4504938789607924,0.6610464947443763,2.3797673810797546,2.9910714243694843,-1.7602489081504658
90,1760.951561337423,530.1315009046934,1824.78417651684,518.4223722647787,-0.176062012704425,0.45477981834623876,0.5806328025886165,2.0902780893190194,2.9601746283009573,-2.07083175734456
91,1760.9715893237599,532.0928257533475,1824.7439482717778,518.3858415347667,0.18706958678742427,0.32418648347572837,0.45962343796684385,1.6546443766806378,2.929877539647032,-2.2682485347033805
92,1762.637227640521,533.0527145583901,1823.6346467253425,516.826712207876,0.337972561166539,0.3600640062434705,0.34096910674465125,1.2274887842807445,2.8816022245370863,-2.290682159191513
93,1764.0170280159268,535.3373283617417,1823.2226055194778,516.8220472459662,0.1684071043402574,0.30380037112173097,0.24158404089063748,0.8697025472062949,2.838499479139486,-2.125745286414239
94,1764.1547280844131,535.790230887276,1822.5096002223663,515.9483153768424,-0.016199634583378912,0.05769409957296715,0.18781974882702335,0.676151095777284,2.8138348079182416,-1.7382324119267416
95,1763.871054645222,535.8572044207413,1821.4996242770876,514.6175525219402,0.002206745934525358,-0.029172953712839986,0.16197984523620026,0.5831274428503209,2.78847891730778,-1.1042338653439612
96,1764.1746128627206,535.5273561684077,1820.4842920344604,513.7131627730986,0.04791100001070854,-0.17612130261753992,0.14800262511162218,0.5328094504018399,2.771998035015121,-0.4434263683266554
97,1764.3027761219876,534.2701920678597,1819.247125799003,512.8300114090816,0.04257637395272397,-0.3008235893772084,0.19215182217294408,0.6917465598225987,2.769548852182643,0.08762967422870627
98,1764.5582645300638,532.8166633374756,1817.880147562396,512.657180587966,0.00423679502621999,-0.29123413501081646,0.2730435860244282,0.9829569096879415,2.7801319098365673,0.6664112579668937
99,1764.3409534801112,531.6459089006689,1816.8123488653248,512.6691013352688,-0.10026452107644028,-0.26388579758493014,0.34204035536937144,1.2313452793297373,2.7945682586756306,1.1706588833203142
100,1763.6547904406766,530.4388134448552,1815.5729267070794,512.8056162384158,-0.20202049721701623,-0.24739185397201474,0.37899313873920165,1.364375299461126,2.8141816895855563,1.343485401980724
101,1762.5205659412177,529.4166843695034,1815.0245282061662,513.0805945458343,-0.3322417893489856,-0.29204108773504717,0.41134698645163126,1.4808491512258726,2.839947146417925,1.3242680856385571
102,1760.6609911897972,527.8072589032054,1814.7248572147228,512.7949670568682,-0.4011086361406932,-0.31270717046004226,0.43637830176898074,1.5709618863683308,2.870739369227891,1.2674315033721484
103,1758.9062140658793,526.5989097165848,1814.541035705828,511.8862531917944,-0.3634204838755403,-0.2068706290939535,0.42069428883580134,1.514499439808885,2.8830604342654027,1.1997401853027814
104,1757.3862436798204,525.943167286001,1814.6170210404803,511.5883313463873,-0.29931113946749327,-0.22768056756260655,0.37045689801361736,1.3336448328490225,2.89583888378511,1.0973548393797006
105,1756.2091497776287,524.5473017176502,1814.5005062483065,511.29444839015076,-0.15675643116032445,-0.24284306850299098,0.30976921957571146,1.1151691904725614,2.918037463521952,1.066631962965174
106,1755.9737263468928,523.7549314292471,1814.5494897355222,511.65763399198386,-0.09132511521814798,-0.20315386700975016,0.28178412409333053,1.01442284673599,2.937932016876073,1.2291616616802812
107,1755.386227826533,522.7167014910538,1814.3463784750381,511.82407395664154,-0.12033013948871854,-0.22993563682890325,0.2697858851138598,0.9712291864098953,2.958906894156383,1.307539050107664
108,1754.889442873205,521.6830032150459,1813.7460033862594,511.8193788734858,-0.046655590347388955,-0.30323996122109975,0.250258621068564,0.9009310358468304,2.9755481558635175,1.1103066609642138
109,1754.9658187271689,519.9842349626279,1813.4029414189301,511.68676440746685,-0.025339371147032663,-0.3031598230744744,0.24241966668677828,0.8727108000724019,3.0005457786641694,0.7888191263483904
110,1754.661112203224,518.9512588038582,1812.737168349226,511.4861526819527,-0.09503410686374299,-0.15042759946762455,0.23844412019577066,0.8583988327047744,3.013753485538351,0.3713437900756569
111,1754.1094754041505,518.6287461317971,1812.0283430355425,510.99519856770763,-0.17605708653956864,-0.003408290330625971,0.23320313189406386,0.8395312748186299,3.0105506746241693,-0.029255252685324938
112,1753.0746784953303,518.9205470229633,1811.1455083409403,510.97931806556,-0.21455418545274454,0.10036242860355658,0.22516796889474666,0.810604688021088,3.005684922419702,-0.3007688755326213
113,1752.176147989378,519.5331024566246,1810.038666167814,511.11702685335433,-0.1806423490866442,0.18826397651545734,0.20447673786518183,0.7361162563146546,2.9971559947207953,-0.34858094119423344
114,1751.4469274215344,520.6169758586133,1809.12515113467,511.6513407653538,-0.18747441198040637,0.15926921508841535,0.19695086793513922,0.7090231245665012,2.9873844705462753,-0.22124296013598663
115,1750.4868338448637,520.9682622471921,1808.3191620797795,512.1879388718371,-0.11122646948943954,0.10746974096033647,0.1930228481734899,0.6948822534245637,2.9909195252582768,-0.21555428346605998
116,1750.4446762547323,521.5853755009632,1807.5990497539542,512.8360076507958,0.05096182084056188,0.08459758671618949,0.19195727493458853,0.6910461897645187,2.9896888356125944,-0.3487294900958898
117,1750.9460459787583,521.7305630770588,1806.9187540161636,513.0792859890753,0.21309598200164795,0.05445101170047342,0.2148447968733051,0.7734412687438984,2.988243697632892,-0.4874209258631862
118,1752.3648639365167,522.0760284027488,1806.7030906512082,512.7553510129186,0.2958299243031296,0.0640913404483012,0.24973375633800377,0.8990415228168136,2.971715108946402,-0.6157400421130502
119,1753.6117413673542,522.3080840668114,1806.6315759435852,512.2207987731662,0.2743542498370029,0.006462365948021906,0.2478794503901536,0.892366021404553,2.9535846640288326,-0.6732646572401261
120,1754.8370440594538,522.1342601693547,1806.660467502872,511.708128825926,0.2444677939207144,-0.11039359575473517,0.2203126385755875,0.793125498872115,2.9430572650025493,-0.6548541452110279
121,1755.8146174707429,521.3133378462351,1806.9653383725624,510.8552169469521,0.11682617013416222,-0.11758292289238101,0.17022217824774064,0.6127998416918663,2.9399152514335167,-0.6381258583824937
122,1755.889753597637,521.0747316038446,1806.8508781664273,510.21051170712354,0.008924803298094953,0.022045408893153547,0.1391838836564442,0.5010619811631992,2.931550585753463,-0.706426855271864
123,1755.8950380267495,521.5119869347768,1806.625073982005,509.9966631472362,0.07908529617574925,0.1342072925851448,0.1470743000083713,0.5294674800301367,2.918382792790175,-0.8712230275183572
124,1756.6023837002815,522.2840607878442,1806.4966169084796,510.02640880237857,0.031551851516701375,0.217838002152773,0.19329565359771037,0.6958643529517573,2.9006908529939213,-0.8637491103222001
125,1756.1793487680914,523.4749045103651,1805.746459432492,510.354418998156,-0.15032373949124478,0.22632810072207984,0.2661377188734672,0.958095787944482,2.8828259141741337,-0.49623604719727715
126,1755.2478307418469,524.3234818363595,1805.0510840477855,510.5992291603246,-0.2943697855729345,0.15116291754410746,0.34660202861241074,1.2477673030046788,2.8726971523079046,0.04927187018281219
127,1753.5268105511,524.8370192226386,1804.003592354908,511.2229643322165,-0.3843835439694396,-0.004911239779472756,0.3480859099400241,1.2531092757840867,2.8781518347866464,0.5442774536662911
128,1751.7841870856982,524.279227120535,1803.133714552047,511.73786761131043,-0.3281370038127166,-0.11781580147287822,0.32565182473248167,1.1723465690369341,2.9020470484681065,0.7896651319087139
129,1750.5699991333513,523.775392210328,1802.8318314985772,512.0478744176552,-0.33208174763498977,-0.0656153433875348,0.29768580199961614,1.0716688871986182,2.9208500543478357,0.5938920809543085
130,1748.7918299555238,523.6879734848478,1801.778155966752,512.0232406550148,-0.16597633519303245,-0.009411262080593947,0.2306880817776325,0.830477094399477,2.9249030011866055,0.0913667961822363
131,1749.0744021196876,523.6905882203727,1801.9028822333241,511.93183707365154,0.22956192271297274,0.04295944191741596,0.22193222442387248,0.7989560079259409,2.922579400903749,-0.4195919368949072
132,1750.860390667273,524.0750769412871,1802.5971330915152,511.55321697548794,0.257188735067003,0.1471355724927808,0.3184839271354626,1.1465421376876654,2.904128823054883,-0.6573458615663574
133,1751.3919054171715,525.01641290838,1803.1429485634783,511.4113519841967,-0.16813299845121113,0.2418776867973591,0.4795026243268262,1.7262094475765744,2.8845153567374573,-0.6352472876723845
134,1749.345360165548,526.2546138350574,1803.4841366722444,511.76168585442804,-0.6288263551968006,0.35065072091657956,0.6556668846072853,2.360400784586227,2.880026167613532,-0.5546058670433703
135,1745.7256107743144,528.1760932955383,1803.7426673261607,512.5170167865168,-0.7841382471490551,0.4578524257267733,0.7027896052195044,2.530042578790216,2.8779696416726654,-0.39879942466347484
136,1742.2795647955536,530.3802786162398,1802.8673824954317,513.8130354447791,-0.6315797294992654,0.5157194102293204,0.7146994445353083,2.57291800032711,2.874675646077659,-0.4601727041203235
137,1740.0345057367738,532.8231919854227,1801.9893967929831,514.6949823552904,-0.36691489412444617,0.47772158399179876,0.7026813778874488,2.5296529603948157,2.856935500283488,-0.9527555892193555
138,1738.9733294862667,534.68498249797,1800.758404884501,515.5440956545076,0.07242506260486976,0.35107346210208384,0.5971742702599214,2.149827372935717,2.841171371619973,-1.6246965862484426
139,1740.6871211064304,535.9866816533068,1799.1600859670903,516.4219164827678,0.5282705452990359,0.35636815103761027,0.5356800228524172,1.928448082268702,2.8187069755824012,-2.247311337509286
140,1743.7335252637963,537.896182105654,1797.0364319111852,516.7874272334104,0.5095650761987068,0.3884693579063756,0.5287898743814992,1.903643547773397,2.764526265194116,-2.61567986775512
141,1745.2787636761,539.4871421913041,1795.307995024179,516.8301983457616,0.16762894622265598,0.43233638705925054,0.5180863230781438,1.865110763081318,2.7163511839233108,-2.7973517523875264
142,1745.2440137986987,541.7919242825851,1792.9703739050638,517.2683755453523,-0.15045492795374077,0.502461458465626,0.482269300264057,1.7361694809506052,2.666937167504897,-2.685999195927275
143,1743.923028590873,544.014774735355,1791.0608824362462,517.5996682963839,-0.26353639174692906,0.34273144170348885,0.4040956508803405,1.4547443431692257,2.6308151633471213,-2.0377618867298004
144,1742.8693123689436,544.8802447958934,1788.6906378940043,517.6759463884091,-0.26044563379463015,0.20053429086429117,0.4051740201017764,1.458626472366395,2.605815520692591,-1.1241980131160196
145,1741.5761776878694,545.82177020977,1786.2005218902166,517.9565818093033,-0.4237957952998569,0.1265559615549605,0.504343364236028,1.8156361112497008,2.583396734274059,-0.05880195583493779
146,1739.0505286542862,546.0206285617044,1784.621221633182,518.3443804323924,-0.634355799347065,-0.003934480978744598,0.663166417520437,2.3873991030735735,2.595804091915472,1.0326500000715786
147,1735.860057748239,545.7863169748538,1782.938182219796,518.9294161445644,-0.8571838305951386,-0.05526048615196497,0.8705116971152965,3.1338421096150677,2.623165556215664,1.9157205090577083
148,1731.326526460191,545.5226815624146,1781.6898008404332,519.5365043078659,-1.100834408948119,-0.1329712650348604,1.0352310199047048,3.7268316716569374,2.6652470804874397,2.5691565199816604
149,1725.9405433027234,544.5881255178733,1780.9443908955602,519.8046927844284,-1.1840122338927153,-0.1590046976274737,1.084381481907477,3.9037733348669175,2.718259539987149,2.744972934101151
150,1720.657504523469,544.0899053135984,1779.124144979367,520.5240932976521,-1.0490912045248673,-0.1737577404341198,1.036648728327168,3.7319354219778047,2.7584474844161195,2.548138333550967
151,1716.4872819644524,543.0224109996441,1777.7803505901625,521.1787175430356,-0.7788637320316782,-0.3548900963148804,0.9113052843274781,3.2806990235789213,2.79924442924195,2.2593912581483915
152,1713.6392373089125,540.8920243168283,1775.692499598381,521.2591309650628,-0.574826791321237,-0.3962768894148129,0.7472602305466842,2.6901368299680635,2.83516983184973,1.9527801238397513
153,1711.3075722698502,539.4515975357642,1772.0315004819374,521.7394303491099,-0.5705199157350312,-0.30028710656318275,0.6298664753553984,2.2675193112794343,2.8577830419002725,1.7554663537530926
154,1708.4983364617128,538.1861656816483,1768.24989695363,522.7801463469791,-0.5394488930981071,-0.21653318422855586,0.6059997580823198,2.1815991290963512,2.889253955904957,1.6166052578948356
155,1706.446649460563,537.5004375507298,1764.7038156748824,524.0608974968709,-0.584928068354805,-0.10237113098071385,0.6443326912641656,2.319597688550996,2.9148658635736195,1.4064100864690068
156,1703.2276051178615,537.2637091302245,1760.872489896169,525.471618652343,-0.7382204672830187,-0.011664572002277456,0.7165266277672397,2.579495859962063,2.9398121378583544,1.1497220818740441
157,1699.7946148496662,537.3953291987953,1757.131571187599,526.6350100298457,-0.8656642820915081,0.10262993057170991,0.8231644512442043,2.963392024479136,2.956082292102565,0.8362229486392353
158,1695.4271863796985,538.1884977002157,1753.6415534741925,528.0628788935667,-0.8738459382296162,0.24707575839180965,0.9671361043579856,3.4816899756887483,2.9693788120863296,0.5238665259303188
159,1691.9204719840682,539.621705422669,1751.4288911365302,529.1434561328963,-0.9700843164735212,0.2631825582250102,1.0644338083817986,3.831961710174475,2.9672991602586802,0.32071733766395194
160,1686.6858486158999,540.5600107696657,1749.025274367557,529.9560322286754,-1.11613026820934,0.16863411843874013,1.0436341138511023,3.7570828098639684,2.9731046486483383,0.13459583422707103
161,1681.8631280015534,541.1412514690705,1746.8081852636271,530.1520575981629,-1.0769010473623408,0.18585033165570317,0.9248263526603253,3.329374869577171,2.9739727909033915,-0.14341747326581328
162,1676.9819954215682,542.2346904804173,1745.549052184792,530.5851894890584,-0.7227182955447691,0.19944156193185564,0.7482056668173908,2.6935404005426067,2.9733002839061973,-0.5619797503429853
163,1675.3507819898177,542.93840046672,1743.4234228092846,530.7558509199127,-0.3248582892120677,0.23274261249690317,0.5535133117250092,1.992647922210033,2.9645034195559146,-1.1907419079598578
164,1674.0547281901017,544.3319120861228,1739.0736924208582,530.903991170775,-0.11999340093186676,0.24664891206889147,0.3275463222733267,1.1791667601839761,2.937932780170242,-1.7335847959891055
165,1674.2695328353263,545.1609304188642,1734.2200383438153,530.5219824324431,0.14575519071788726,0.20695446186424002,0.19821641592240163,0.713579097320646,2.9020954174285807,-1.9586123768252448
166,1675.368114388864,546.1967591124687,1729.814486945344,530.5336729107473,0.19692930580714493,0.15454807249321703,0.18884823889817204,0.6798536600334194,2.861477365879423,-1.7980618849100278
167,1676.0440441313222,546.553548441304,1725.0280999518036,530.6744598784996,-0.06298717577593674,-0.05124991351917636,0.2052969303635697,0.7390689493088509,2.8281129892825247,-1.1738549902329347
168,1674.8005429222446,545.7349510027725,1720.2313459652303,530.8070107992585,-0.2772837345341234,-0.22529991041411934,0.26958435019171023,0.9705036606901568,2.8241204816179986,-0.4825568928269799
169,1673.5454666996393,544.5233923181304,1716.5983564368548,529.9457867775121,-0.1536717722692823,-0.3887000666285447,0.4111814060190929,1.4802530616687346,2.8151117566653254,-0.18299157832181567
170,1673.415821158006,542.2324115703624,1715.286373782465,528.620246391791,-0.3275859184385315,-0.31424123098595325,0.6120823340607693,2.2034964026187693,2.827269262534848,-0.4941511583452934
171,1670.5936210599273,541.6917943913176,1711.9721246364288,528.021822314241,-0.8598319374455052,0.08963746390850633,0.8462321999798721,3.0464359199275397,2.8225167857064397,-1.2235282013939484
172,1665.6679571242537,543.0401262555796,1708.0648462865236,527.5865877490015,-1.0163029442665323,0.42261926291956375,1.0176815575803069,3.663653607289105,2.7920617444896623,-1.8768336260436749
173,1661.4358116248964,545.4999764842896,1703.5796976461015,527.5762828480106,-0.955718212189764,0.6235124894051155,1.1069749360572745,3.985109769806188,2.739469962136648,-2.273356748135911
174,1657.0560709635392,548.658538157805,1701.0404501910825,527.3627633759462,-0.9743258030853681,0.5367424639741116,1.0185791286632115,3.6668848631875615,2.690691671401194,-2.326214691678977
175,1652.656254227541,550.3365119174437,1698.4992797323096,526.5135569386662,-0.8672771319331589,0.28165863811161423,0.7835759935510815,2.8208735767838937,2.6623381396944064,-1.9674825945714056
176,1649.241118988431,551.1965374306675,1696.5056078361717,525.3529166349593,-0.4927424576916986,-0.024254588587716,0.6150251339166828,2.214090482100058,2.64121937622336,-1.4780696042931551
177,1648.2161986776223,550.1179561202136,1695.4631479766954,522.924151003618,-0.12823340866593144,-0.19394959182159613,0.5004311774629338,1.8015522388665615,2.6193320406979117,-1.381064086029716
178,1648.085619905808,549.4488760547713,1694.8421467042049,520.9892197646096,-0.4365350336300419,0.03228473583317244,0.4368682078273411,1.572725548178428,2.5948168945583214,-1.7228495510341364
179,1644.282622894681,550.4088708126176,1692.2140125092983,519.7592871199431,-0.7564545493195811,0.20494042280846106,0.5055093519886695,1.8198336671592104,2.5726718649790246,-1.7887429291224852
180,1641.269279711172,551.2955747662161,1688.9863001175233,518.7742880288649,-0.6034470469272719,0.16192394880350724,0.6950712757795953,2.502256592806543,2.5433604140113597,-1.2958785977994731
181,1638.8450187914277,551.8679521568918,1683.5911283947148,518.3785786153943,-0.7039019877345031,-0.08161024890405084,0.8753575893982192,3.151287321833589,2.4990964901450106,-0.35769220989160355
182,1634.9264856643986,550.5601925540273,1679.158765916698,517.7101329456668,-0.9919410649805097,-0.4319141443547228,1.0087668822072298,3.6315607759460273,2.5027982242085436,0.9737897609958552
183,1629.9067319399328,547.9760147689217,1674.2355507854752,518.1503163787703,-1.111783690079969,-0.5920160279209535,1.166386170294549,4.198990213060377,2.5493362000200532,2.3866989177733067
184,1624.908308285137,545.2255922788142,1669.0767626741724,518.557502779609,-1.0927106938922402,-0.648355813341557,1.353585958894418,4.872909452019905,2.598397378723509,3.3858374442183585
185,1620.0604195202561,542.1337420310801,1664.9660390878628,518.8987138756419,-1.393054040837859,-0.40827119191796873,1.435935436022397,5.169367569680629,2.6641070212643263,3.4639949789408484
186,1612.3556304535286,541.5466992927312,1660.912364084481,520.322100222368,-1.5759952668714172,-0.04926974184698988,1.4416451799584877,5.189922647850556,2.729510204280093,2.7301189204946272
187,1605.8592756527303,541.6897770605038,1656.8235851469472,521.5717363894237,-1.4519410640183714,0.07172308410857392,1.5109542254456862,5.43943521160447,2.7656223613725297,1.9862331743149642
188,1599.2723272414412,542.1929892007399,1652.6527131315925,522.2850608660538,-1.4026761896914177,0.10081927175193338,1.5827314433692496,5.697833196129299,2.7846251669209034,1.4051271890360004
189,1593.2198935504578,542.5982499556101,1647.9572949430103,522.7288625477705,-1.5939984056065177,-0.013449896259780566,1.586731396524173,5.712233027487023,2.7933884784941188,1.089655667296679
190,1584.9089587983608,542.071793461258,1642.8043693773652,522.1486723928733,-1.834100679120957,-0.04546102468489584,1.606942546215302,5.784993166375087,2.810163361660012,1.4272991775368191
191,1576.6929862943025,542.1886049741267,1637.1903662743484,524.0708713283778,-1.6002166331685483,0.06043002704145734,1.6428948082191104,5.914421309588797,2.8506133209152114,2.11780040577954
192,1570.4895584965143,542.616322703175,1631.3726442014993,526.2112767603483,-1.476931029327403,0.06481712874151213,1.620731343835392,5.834632837807412,2.8783920110301024,2.6925560835090274
193,1563.3845008750993,542.7726659733488,1624.0584637530415,529.9419724765787,-1.6125398451450896,0.12241681015416041,1.5309309497051053,5.511351418938379,2.933193429658212,2.8449842284173004
194,1555.9591149003968,543.7194089683095,1616.7294034090887,534.399656882017,-1.5022055393034441,0.24859967336383215,1.4642282299302063,5.2712216277487425,2.989417941310263,2.324108698872247
195,1549.848269243775,545.012774050493,1609.5654983850764,538.040769106381,-1.39149209470001,0.2215936164303083,1.5022890541419747,5.408240594911109,3.02536850852622,1.4149946516497525
196,1543.4205116172868,545.7161680279348,1602.5372124213654,539.793250410071,-1.4261140611924141,0.13412258014254536,1.5026282392578243,5.409461661328168,3.041735628512868,0.29132672615739463
197,1536.9976907044756,546.2213398987072,1595.935795771609,539.7132333202272,-1.592564715690189,-0.08438933896011284,1.500805250143942,5.402898900518191,3.0316154679667022,-0.8117734102697025
198,1529.0700620180578,544.9557436988459,1589.4501139322895,536.3140702681101,-1.6295880702749255,-0.2880454988537797,1.5796948111677658,5.686901320203957,2.9994367036202254,-1.239821447995054
199,1522.3136271687276,543.6257892294872,1584.177136706065,533.7046537853415,-1.4509448644597627,-0.3150021768488097,1.6574560205820736,5.966841674095465,2.9825753174162473,-0.8838378247708026
200,1515.995735465704,542.1172889610382,1579.107914383791,530.6531665356122,-1.68417724917154,-0.2974143020846421,1.6837630849288825,6.061547105743977,2.9619051011286808,-0.2462436345581399
201,1507.1376657196947,540.9458171629794,1570.9875292757351,529.583437965029,-1.8160007764327242,-0.15546533612397917,1.6654758946684136,5.995713220806289,2.965481593941038,0.40502135859558197
202,1499.631924715907,540.7164055630235,1562.8637996524938,531.5398992893493,-1.6591425965095532,-0.04187031964143051,1.6832178564827918,6.059584283338051,2.9974741112738066,0.9922505768588001
203,1492.1872891512764,540.5685276840665,1555.5906897870987,533.0634369292809,-1.5913902945233536,-0.020786539185452844,1.7089158715634076,6.152097137628267,3.023770427218283,1.5152721968181153
204,1485.2920577144191,540.5291000300148,1548.8801042300774,533.0549189579943,-1.633603305170937,-0.0811104484249786,1.6554472972327607,5.959610270037939,3.024588854791649,1.7846957823612075
205,1477.4670447147232,539.8376491265888,1542.0645540575938,534.6780157708495,-1.7295230661074141,-0.4120038467484099,1.638945298820209,5.900203075752752,3.0618883001874915,1.6134452364703826
206,1469.707489410002,536.8165724452948,1535.5752677091768,533.9077904110856,-1.4311182823340838,-0.8426404723426533,1.6922719422351538,6.092178992046554,3.0974604021490912,1.55444239477692
207,1464.571373613364,532.2446957542775,1530.2139062922734,531.7646481732778,-1.1848771863439953,-1.0696890833241424,1.748217592067657,6.293583331443566,3.134279726987071,1.7004760224124178
208,1459.0306734687817,527.1777055748606,1525.1608358275816,527.1484770011068,-1.3803613078500625,-1.1321341023997133,1.75694096149917,6.324987461397012,3.1411506681052885,1.3000196440801508
209,1452.13306879481,522.0431427398278,1518.1315468792254,522.9964114762996,-1.389356543577038,-1.2022847282864533,1.6869091706145047,6.072873014212218,3.1560354480461372,0.5907251620555789
210,1446.511313434285,516.3440319242924,1510.6591738746258,519.267047304095,-1.2197565449517025,-1.1938929917416272,1.6195771340490075,5.8304776825764275,3.1871279968003243,0.2649325529768026
211,1441.141958261463,511.2850862313135,1503.916313138357,514.3405716801096,-1.0349926379102639,-1.0388522147925665,1.529027251742629,5.504498106273465,3.190228372627829,0.6158067703954896
212,1437.1850929425373,506.9830331513368,1497.156070329408,508.6645371738443,-0.9035199826075435,-0.9347598730038891,1.4326089279197287,5.157392140511024,3.1696239390064354,1.5119889483426199
213,1433.0004253965417,502.8620536771165,1490.2766562457705,506.2969228240828,-1.0420911828664445,-1.0360845604764146,1.4716534319097545,5.297952354875116,3.2014911525680687,2.5052480974009255
214,1427.7949081354823,497.6469734489137,1483.5954531715008,504.1364843855682,-1.018069502181642,-1.219119750172927,1.6656946449575265,5.996500721847095,3.257370887572656,3.4766987416795896
215,1423.8266976756947,491.87668124112145,1476.83788375524,503.09204973493235,-1.344124849461022,-1.2368332274804934,1.904086856980876,6.854712685131154,3.35008430117302,3.9065047193632596
216,1415.6831266064646,486.5019865490134,1471.7252884241389,502.3551117868127,-1.9404692462947626,-1.0788517206900325,2.0597016946234223,7.414926100644321,3.4172686314885516,3.1426049589565164
217,1406.3413133497343,482.15525071445416,1464.8927028375251,501.6066593318784,-2.077414577561918,-0.8997446343480907,2.0446686497883624,7.360807139238105,3.4623326598957394,1.7510330931380116
218,1396.9637408896424,478.3944729891683,1456.9496563007285,498.92833983846486,-1.8158241382346503,-0.6630630838661342,1.8966267129071077,6.827856166465588,3.471401650623626,0.6091115993834534
219,1389.979094269986,476.1804521568919,1448.7070354775412,495.544773514652,-1.520194896505853,-0.5074589207918169,1.685308621505845,6.067111037421042,3.4600960541839676,0.1912318983188156
220,1383.2654088668473,473.82180878610257,1439.3686856356512,491.35603471235726,-1.2877244839413264,-0.5158378287822415,1.547376135287612,5.570554087035403,3.444509218127709,0.5452978471058372
221,1378.3755310851238,471.53228640865905,1430.2363978794624,489.4035250841274,-1.3709876957439462,-0.4128727870474385,1.645498954107088,5.923796234785517,3.4734484300836113,1.1550879052274423
222,1370.9115687779,470.10145126276655,1421.1621912836492,489.15398720745327,-1.7819106011687569,-0.20940681230526983,1.8398708160517607,6.623534937786339,3.5039969228110173,1.4994107756879274
223,1362.3189036711967,469.645341485093,1411.6538640802537,490.6766436688305,-2.2083482869681594,0.17559040572261791,1.9533479601486141,7.0320526565350105,3.544560613588579,1.1663972071469508
224,1351.0123518246057,471.6836797540832,1403.6673346185044,495.10920048172784,-2.2893986537749718,0.6016683788568725,1.9932020097746646,7.175527235188793,3.5601865330261315,0.25960848812901427
225,1341.6893495501874,475.0669181790696,1395.5333595440998,498.6845622537449,-1.6338151889058297,0.7466506894910105,1.916305321489601,6.8986991573625644,3.554951876540707,-0.44343925861483846
226,1336.2901981238144,478.4116782976945,1389.5998434752078,499.99279943689055,-1.3292639001854654,0.6637284679946751,1.7918817071428925,6.450774145714413,3.526252289069791,-0.48441316541453366
227,1329.7114786255393,481.04771244990286,1382.0673442361656,501.115912103033,-1.6968778992100266,0.4089456366712089,1.7719107348821672,6.378878645575802,3.5076233765128775,0.16399371088997503
228,1320.9997923219341,482.0966486414783,1372.8538828928213,502.54850841703797,-1.8619489343155555,0.07059263189563279,1.8996491080701619,6.838736789052583,3.51727226296102,1.122321358793704
229,1312.9336333832166,481.6838159602435,1362.5432889864023,503.93658632220576,-2.2354148067111983,-0.08900443705941405,2.2306168635545056,8.03022070879622,3.5632461345557402,1.7204711728343727
230,1300.8566815264794,481.294638101156,1351.9692810851238,506.66926264246746,-2.6016992103750276,0.013003843758293571,2.5010205668214116,9.003674040557081,3.6023926920884777,1.713512545800969
231,1289.489968568214,481.80099236294234,1341.3403753635666,510.2501318465056,-2.561827476879295,0.5136904314056132,2.5617496972562774,9.2222989101226,3.6434197632126217,1.10986101246703
232,1277.7722971201956,485.92345385530746,1331.6790137352862,515.0901051971297,-2.6446375988020696,0.7289226975904832,2.5164021687055733,9.059047807340065,3.6375445655170977,0.5576213872337696
233,1265.659390007777,488.3692456530279,1319.8731208570057,517.5207693917404,-2.3012490125672334,0.46150969264101693,2.3926992185825062,8.613717186897023,3.6349549241369727,0.7418918930471645
234,1257.035960540109,490.08207392176445,1309.777166721623,518.767307430118,-2.0502788569312065,0.2658806744457648,2.368980998979122,8.52833159632484,3.63973013590081,1.6401276556440014
235,1247.1845216957504,490.7650711918283,1299.779762433203,521.5334289022331,-2.292628282661227,-0.09095506640350652,2.4804704403768527,8.92969358535667,3.6709117330763643,2.951852768135672
236,1236.3773045395342,489.26248644543864,1285.7048006924697,523.4522002249046,-2.564115328599995,-0.48693670847164994,2.536981563549766,9.133133628779158,3.747684032588725,3.8225383383117606
237,1224.0795216746128,486.37733069745946,1269.635719464453,523.6435937922747,-2.896406320952989,-0.7643451658768718,2.6054656225786132,9.379676241283008,3.827230252088853,3.5247485075254903
238,1210.278061903915,482.37504465342533,1254.583872345101,523.5612145626176,-2.6879603453798437,-0.6433443202421798,2.6437830631431387,9.5176190273153,3.8905165539140536,2.4118506634108434
239,1199.8585659539012,480.58021604859914,1242.645472935266,522.9870016254896,-2.1672312307181754,-0.0943985436261754,2.5490162708718156,9.176458575138536,3.9225289974488224,0.7340885384034297
240,1190.74934684456,481.5244283304579,1233.7468843005936,522.0027597931032,-2.263092581413838,0.16152163067660302,2.3479027652055136,8.45244995473985,3.896821120718726,-0.7595466384832655
241,1179.4660533558222,482.03567214239143,1222.9131667892636,520.128226408194,-2.3985788295575334,0.21201633086408922,2.1462922035138465,7.7266519326498475,3.8614168167550424,-1.5459778863034148
242,1169.1359805152515,483.4348873782461,1212.4346178723604,520.1289345216951,-2.0661310209556323,0.332282796739406,2.098823025215246,7.555762890774886,3.844612739748801,-1.731858686199745
243,1160.8483426973403,485.0298409069764,1204.8348277698847,519.4377126982711,-1.866293577165929,0.15219874633985966,2.092471475341963,7.532897311231067,3.805408483495657,-1.4889357998715085
244,1152.318986108291,484.8063358455503,1195.4962427708992,518.7625735064082,-1.9719877289088605,-0.028306447173829515,1.9045935782781087,6.856536881801191,3.8080092364098967,-1.0170109798409888
245,1143.0789483140543,484.7747741963434,1188.1384002553418,518.3473715513808,-2.0341529975314616,-0.14419622080467004,1.7480818561112303,6.293094682000429,3.7819332507304724,-0.5571129357027251
246,1133.989426385787,483.5069973768087,1178.9549037388376,516.623605703378,-1.704716952309306,-0.2067670916641154,1.8265184945376536,6.575466580335553,3.7763909139557494,-0.12641153534417351
247,1127.717905548226,482.9116155450988,1171.3162746677135,514.1041517381536,-1.4123273677309491,-0.2973666678295407,1.9537757286869124,7.0335926232728845,3.762613920353558,0.2642413386321121
248,1121.263078433609,480.82745453805563,1163.3671510374375,513.4023146856391,-1.9643512936629608,-0.48487799672418685,1.9336284795515926,6.961062526385733,3.8000742668679695,0.7563264224983888
249,1110.0173223586294,478.5424259070187,1153.0438929966501,511.6012875775747,-2.4458991589404557,-0.4183494215372378,1.8992946298088864,6.8374606673119915,3.7967258734163303,0.8648179650905228
250,1099.2233131045373,477.0577475807877,1142.832665381492,512.1580648050672,-1.9052773694409093,-0.2215248407175522,1.8878837041045937,6.796381334776537,3.8193024331262175,0.5926850228086277
251,1092.8490486970695,476.54628657881767,1133.3830450148794,510.07062137488094,-1.281980106525478,-0.206486593489706,1.6891201262959612,6.080832454665461,3.8326214101510128,0.40412229581100456
252,1087.6715119597184,475.1971164719876,1127.028442382811,508.83239019484677,-1.4738783318632838,-0.3330417633396025,1.3868864816758504,4.992791334033061,3.848763549207312,0.8612784293171758
253,1079.568070845169,473.5452788381859,1121.1175531824929,506.62727217240695,-1.371180168043425,-0.36630289144338113,1.3157640201252432,4.7367504724508755,3.814016576402912,1.6511705387637217
254,1075.3159375211362,471.8963958608117,1112.5965755842449,505.17997338761427,-0.9676714339964148,-0.5167605317200825,1.5428459291446779,5.55424534492084,3.870406984010486,1.6768489926590346
255,1070.848475336511,468.888798701298,1105.5976451526972,501.8676987685159,-1.4127794020040845,-1.0608160194185818,1.79959271649688,6.478533779388767,3.9008588635200616,1.4409582671860732
256,1062.5855163309982,462.3374833276255,1095.6089744402716,499.22198750549506,-2.0471076969305475,-1.2264419811340512,1.942450233244864,6.992820839681511,3.982165180557725,0.9233883127770668
257,1052.4021820464677,457.8374463366217,1088.0610631637228,494.8060841746137,-2.1550768865010363,-0.8070840006423889,2.1490860903447064,7.736709925240944,3.945022752820785,-0.47889497551977467
258,1043.1663229145513,455.0649259492942,1082.4126917190868,492.9080505371087,-1.988607758884943,-0.37180364361544166,2.335242708475784,8.406873750512823,3.908790032401362,-1.60866575223597
259,1034.4830261494676,454.4871589693666,1073.5386941752895,491.4044104902252,-2.092351149332971,0.023262450182928402,2.275428395029186,8.19154222210507,3.8988511580176635,-1.345837372614646
260,1024.3123451662254,455.27454168146244,1065.485530440424,491.4180959726302,-2.4112555525094774,0.23482959104765333,2.1606596029917524,7.778374570770309,3.862030057221533,0.5675539360951978
261,1012.7554310720191,456.6031861408442,1053.7417924889223,492.44242403104636,-2.2383503904695754,0.2994990521322252,2.0956087023027736,7.544191328289985,3.8600932853220375,3.1900904532810808
262,1004.1427821039624,457.9732992329116,1039.512019962458,495.5783589680983,-1.8101693407814883,0.07578673030351755,1.9434371131011492,6.996373607164137,3.957619719806954,4.9616319907715845
263,996.444166835767,457.286093179281,1026.2724915871875,497.42846151244515,-1.767953251280898,-0.21360891892040443,1.7697233550072564,6.3710040780261235,4.07334209601547,5.891198131495432
264,988.2119230460281,456.048489525204,1012.3611764618831,499.2784957555458,-1.6810139768991554,-0.09676374786455606,1.690058715134328,6.084211374483581,4.202949932235975,5.306078766122395
265,981.2967093331459,456.4141642252598,1003.5999734721645,502.5928816361854,-1.541995140728671,0.09309159982721053,1.773388437152522,6.384198373749079,4.262452177521281,3.015405424755029
266,974.317151090282,456.8873291015618,996.1554742458048,505.0547641242215,-2.1265697860752972,-0.024774167032374332,2.084569702289552,7.504450928242387,4.286724848814678,0.38482457838314166
267,962.1343906947532,456.1909265559467,985.6831908122788,505.5384522805475,-2.5281746453610165,0.0020321163215845294,2.4900680127828974,8.964244846018431,4.267144517689795,-1.8649115337838096
268,951.5360091568575,456.90564030899054,978.8649928765881,506.1130837444612,-2.7736010475106823,-0.058489528590045234,2.899436429055698,10.437971144600514,4.205422248434096,-3.301392550690012
269,937.1417347301124,455.66388296152024,968.5843849347253,505.56881040102405,-3.38037700900464,-0.5974223179490896,3.2128012123665757,11.566084364519673,4.150165716917064,-3.4607190880165772
270,921.0757525555487,451.5223244671175,956.8830119871976,503.10132522913216,-3.314302681932791,-0.997959782864659,3.3130103074069517,11.926837106665026,4.1055516345333345,-2.4779462557787406
271,907.2768676229357,446.6713620140432,948.2544671921489,498.79458129354293,-3.083851615780262,-0.8835000485101169,3.3277653345356164,11.979955204328219,4.046139363617472,-0.5962499071757039
272,893.2874581473202,443.56118932946873,934.8786126999614,497.3746369597193,-3.0022616579839503,-0.7351585479209547,3.165207743405327,11.394747876259178,4.0544068820554555,1.5286108518588455
273,880.2237725856488,440.0469180680966,918.8755656981352,496.4422717073772,-2.808445688384887,-0.8144684977412409,2.7957839425032116,10.064822193011562,4.11154811679004,3.3977761433811082
274,867.9808204287563,436.22209094819505,900.8837660752321,493.73731234992147,-2.4909789336500805,-1.184212637904124,2.5376967625196407,9.135708345070707,4.192756671857275,4.565971894994362
275,857.7777976824595,429.37609030983606,884.1886649523967,486.31059258531116,-1.563595992563248,-1.5783501349602476,2.4841494642136386,8.942938071169099,4.278051278040161,4.117839535010251
276,853.8914052459572,421.99972758767865,874.3423456629621,476.6646299155753,-1.1618260187865952,-1.8455972483749303,2.6310571632642388,9.47180578775126,4.354394739388045,3.1424672824977753
277,847.308693625709,412.7455885585763,864.4853140430521,465.7796371922342,-1.739321589257325,-2.338827850887732,2.9488841223588804,10.61598284049197,4.399171222688018,3.147261524435674
278,838.2185433788205,400.92477165981745,854.8162212949799,453.89808740657065,-2.2885936070073982,-2.618379424597727,3.2561555972816314,11.722160150213874,4.40875588866435,3.29159282614429
279,826.6863937047641,389.1516199153217,843.4409502037663,443.8217964998049,-2.676436872814658,-2.4540870167682964,3.293061354851636,11.85502087746589,4.41501058021906,3.024192969220611
280,814.101424576399,378.81122632047266,823.8816073859398,440.1358888304072,-2.6416202934868505,-1.8988940713715505,2.862803134419988,10.306091283911957,4.554238781738466,2.3969676414916696
281,802.8830037963328,372.04086554721266,809.0381229285026,438.28362442611035,-2.040587331255489,-0.9587433172660139,2.164735831492888,7.793048993374398,4.619737396235674,1.3207562470667624
282,795.7138856830007,370.1720812248456,804.5525800696687,438.3439788157799,-1.1003799409149593,-0.07632973735377979,1.637686457863849,5.895671248309856,4.583455176317063,-0.7395378443891851
283,792.9675845191581,371.3530655237498,805.1132688315904,439.42615446280547,-0.8109012799482184,0.2676932098997756,1.5314390559950102,5.513180601582037,4.5358256844107405,-3.699257314334143
284,788.4069311629114,372.58423934870416,805.0519118536075,439.25190556513735,-1.6036877321014777,0.24819846948850197,1.7266844087888231,6.216063871639763,4.46772001935942,-4.575744329176542
285,778.5169064740587,373.5895583908274,799.4026526248805,436.52762342841015,-2.5392064983995164,-0.03038159413215028,1.9737570276967027,7.1055252997081295,4.39197760813348,-3.0299860072497813
286,765.526382248122,372.31047368565623,792.0896371288205,431.6091493548763,-2.7456221316569547,-0.36322493272302936,2.0840739859882333,7.50266634955764,4.291235340770618,-1.9597487371028048
287,753.7763658663916,370.31657297373795,779.7760289840357,426.9118337920212,-1.7467624733506883,-0.6083290229415489,1.8493253890170327,6.657571400461318,4.281748479082434,-1.3897070555739455
288,749.7864712801836,366.8288785595909,769.0030837286075,422.9028441854364,-0.9189009061803095,-0.29861861744846024,1.3829532602503987,4.978631736901435,4.382231217689307,-0.930828485510455
289,745.4962369580279,367.6257489357155,766.8561179421154,419.3216260769661,-0.8358158573410461,0.21716182737734227,1.0805612302141612,3.8900204287709803,4.320569472791156,-1.0400865018218766
290,742.255013866341,368.78570318841264,765.8967948352092,415.05172597381403,-0.9735655902827427,-0.19299008925917432,1.1873437813580614,4.274437612889021,4.239982831157175,-1.9300980829886354
291,736.7235297661313,365.886733546401,758.336196701247,406.8845430184231,-1.6617861877088669,-0.16188514059383127,1.761046623314079,6.339767843930685,4.227245201780826,-2.7828036046083797
292,727.2808161483688,367.3269715412349,750.4548094117786,407.37336288386035,-2.637032597179738,0.2502126111727255,2.4177151014109053,8.703774365079259,4.187794462618092,-1.5433823263226523
293,712.961479153983,368.1413756531549,737.0757652381787,407.2235623974815,-3.184597464217456,-0.07544443514995323,2.8777213018299497,10.359796686587819,4.159552478347576,0.37412694268556673
294,698.584710455559,366.64714889196034,723.6370046376139,407.2626558113918,-3.5164284466018048,-0.43012307290485785,3.359567794059102,12.094444058612769,4.1596964524856395,0.9492734213363736
295,681.2752759528873,364.26557744013746,704.8120127756348,406.53874517003123,-3.3254919376683736,-0.47251043460246506,3.7639454217402015,13.550203518264725,4.204357423891423,1.058458964627384
296,668.6190180262436,362.38940218310285,689.3939969942157,406.1159321838637,-3.596060723014439,-0.2243722226665957,3.959630446748255,14.25466960829372,4.268849642007641,0.6021007085208625
297,648.8715138621135,362.24378062326616,673.2902520249922,408.1167429474003,-4.752926240372682,-0.12922724777052483,4.163913507919115,14.990088628508813,4.223226979846233,-0.9833912933891935
298,625.7908504865893,361.2249477105734,652.8727747268997,408.49658348446746,-4.723519499084628,0.19153061028320761,4.446109268667813,16.005993367204127,4.192134273072272,-3.196595963650018
299,606.3083276789932,363.96964478595896,634.9112900242651,407.0078784232526,-3.948011570269634,1.9470573027533944,4.939013074480643,17.780447068130314,4.125822503696124,-5.387725297954702
300,590.2156926935361,378.7696963884092,626.3712892738763,422.4977023302213,-3.595498480463173,3.7545970684475973,5.524916065984597,19.88969783754455,4.0215014480083635,-7.082606600383622
301,573.9096319025205,397.80196284834904,618.256548200334,438.0656322132451,-3.797801748341371,4.685813694728663,6.043626405350829,21.757055059262985,3.8787689376805683,-8.37282289392756
302,555.9940613585625,420.9931191448519,607.5535553110618,456.4541220396622,-4.535439828577441,5.310716564850491,6.585339536764103,23.70722233235077,3.744062393678497,-9.235491734613323
303,533.041213791091,445.6563260957786,595.4984196914731,473.5493598706788,-4.478822447901019,5.755615815943512,6.939076600604657,24.980675762176766,3.5616108119018164,-9.665348311892508
304,515.635817094282,472.85642734544035,585.1157646674607,490.5348975771942,-3.555497523106408,5.841802516010433,6.75323521936511,24.3116467897144,3.390745651790594,-9.857855176711219
305,501.002962847292,498.2962544759107,575.8946435441178,505.6540656812256,-3.092955754938126,5.679824819229322,6.89213446636189,24.811684078902804,3.239524414095968,-11.312327442488865
306,487.7654861516244,524.0367900633701,566.1252230029077,517.4461421553699,-1.6248238530593915,6.106892335735107,6.9864822798231305,25.151336207363272,3.0576825631709736,-13.658765442748663
307,486.3618292209899,553.3248820779636,559.8614187529585,528.9215862059482,1.0347629554724511,6.105416538837954,6.372084420955883,22.93950391544118,2.8210250283016625,-15.416322869095765
308,497.0896369967103,579.0521193995612,558.1778667499484,539.0692167736228,4.801657798705866,6.35920210033485,5.658606820428124,20.37098455354125,2.5620529693857375,-17.115187712591577
309,529.6291122106239,610.6270490373875,566.8798410655093,551.7500307817988,4.040596170966112,3.2296256461466024,5.092486265504018,18.332950555814467,2.1349043434201254,-18.48646106416058
310,533.4990658450429,608.1539697688371,554.6562573982,547.4354063091848,1.900290932340882,-1.2643946655213096,4.7851091665615595,17.226392999621616,1.9060868149884755,-19.23838080706387
311,546.7524535604362,599.233708633488,549.2879289899546,539.9592998554173,3.656884872569193,-2.5358182499361854,4.70797113128485,16.948696072625463,1.613545478998573,-19.121152387425578
312,566.4509085783187,585.3039520395773,550.5041060014197,530.843815659031,4.397485806405024,-3.7540414234386024,4.811551931772043,17.321586954379356,1.285943264005758,-18.280205398317715
313,586.3777810629304,565.4063974355714,553.6468188793621,519.8388267616166,4.1201347182950405,-4.686177849738905,5.338929234995655,19.22014524598436,0.9478970164401332,-17.212733292094875
314,603.5770517324464,543.0772479168772,558.3440847685835,507.85409070299744,3.662431836859467,-4.7853570311302445,5.718898115831396,20.588033216993026,0.6616209108378326,-15.771860189552743
315,619.3796069652994,522.2859991164428,564.724136682815,497.5788745962689,3.3176856670235475,-4.737777154434887,6.20687941329874,22.344765887875464,0.42455920992752527,-14.255735946332852
316,633.4724025974017,500.3855873537263,569.3224053981493,487.57890841661526,2.794434737131468,-4.820528279668659,7.124965576370146,25.649876074932525,0.19704598653534094,-13.382893419123187
317,644.5599933310496,478.84867601270736,572.2163025166557,474.28388270258324,-2.0342006464477715,-7.980490227869594,8.583434929873299,30.900365747543876,0.06301516454878298,-13.597868455705141
318,615.1424135150323,428.47414685534136,546.3457521380792,445.57249100590104,-6.415326454008917,-10.378283744641546,10.443616711943957,37.59702016299825,-0.2435988984004311,-14.811074566781087
319,586.7520951440316,385.3309455640383,520.9936268463788,422.26680025703405,-7.599871945250595,-9.5683952387442,12.383837797358469,44.58181607049049,-0.5117737119135707,-16.35621353100343
320,546.6606882599001,342.2542449158503,492.262979879007,395.67171567446167,-10.157658515463918,-9.199930237404942,14.055278120383715,50.59900123338137,-0.7763065807264076,-17.83951585296228
321,495.22239770930497,302.43124680292,456.8249769334663,375.71329435538365,-12.605027922035433,-7.700223055403868,14.92707504620877,53.73747016635158,-1.088158974320318,-18.301822029714373
322,433.07797723415035,272.8682653253725,417.5431079947065,358.76050240652853,-14.730792639351373,-4.7392433629039665,15.18491103914991,54.66567974093967,-1.3918660022494074,-18.213443599943062
323,362.4846224433927,259.7263743743232,375.2972740404528,352.39747348801865,-15.660576257462148,-1.059077962886058,15.411057891020246,55.479808407672884,-1.7081847327506625,-17.892485964788698
324,291.96200997488796,263.32501425474715,333.59023684547014,355.1358799789886,-14.856416294879228,2.5807128096427734,15.100963160789671,54.36346737884282,-1.9964847593735924,-17.018966833657636
325,228.61486433285106,282.98093272287565,296.2310987200052,360.74429730832264,-12.701618447762707,6.185191410130565,14.472346818182011,52.100448545455244,-2.286510020147335,-16.116000215491223
326,177.50893088336605,319.05918738955495,260.6497326475197,377.98548222000926,-10.172780272915553,9.033439675107124,13.60545110772923,48.97962398782523,-2.5250162998971106,-15.242857054768598
327,136.9489061760178,364.38040081866325,229.4269689914981,401.6993089816265,-7.213384309438845,10.572318606031534,12.648265230565684,45.533754830036465,-2.7580353932783925,-14.58420793742052
328,112.50980905640161,414.3253475701132,206.86239934483618,425.05036919663934,-3.9776074044494254,10.921359130784564,11.677588993458254,42.039320376449716,-3.028408854981304,-14.082664338680598
329,101.10706312831847,462.7917320614763,192.7200674081775,453.1333920697623,-1.5166679970266093,10.35677582285498,10.483727291594995,37.74141824974198,-3.2466300793065397,-13.589402931765886
330,98.84325759028961,507.6492721755776,183.30533127557635,478.0325474594572,0.49161667507256407,9.34636144162502,9.112485167261612,32.804946602141804,-3.478847459502096,-13.066796999934933
331,105.53697435783602,547.0109085149055,179.96782608362477,501.0468209667116,2.398345606438722,7.601435518782177,7.887773016029174,28.395982857705025,-3.6948100573746707,-13.051036680792652
332,120.4545223681956,576.1450866434989,181.76975042169718,517.2674168178006,4.290567810573159,4.6533581118734215,6.917279130975402,24.902204871511447,-3.906713211830146,-14.224874695226347
333,144.19887394100022,588.9418770926331,187.33179113875192,525.0588130538074,5.5255933334666825,1.681106767665728,6.049740749569343,21.779066698449636,-4.118511902341313,-15.656366333779577
334,170.24511979668665,591.2933802749163,191.386255569788,527.8198851217948,5.588524195554145,-0.05116350037680901,5.1108131347533465,18.39892728511205,-4.390875178914168,-16.53466593206575
335,194.556535398805,588.4808476435666,194.0266962753227,527.9415477405887,4.728742018238441,-0.8944370875357658,4.221018819889334,15.195667751601603,-4.721140743237536,-16.2543234880082
336,212.85536560454895,583.2336925159793,195.44566622647343,525.311221168154,3.115906493241159,-1.2705381795825856,3.50356856479908,12.612846833276688,-5.004367712811604,-14.295725646843518
337,222.63367326744677,577.0321486171698,193.45550689036685,523.0252998649293,1.123564514442124,-1.7538903113944748,2.8302913713883884,10.189048936998198,-5.207729632275473,-11.041101358757793
338,222.97969887473334,567.4295532754998,185.97833245347562,518.9001873065891,-0.9102697155045338,-1.8446487123938713,2.287169177848811,8.23380904025572,-5.363812561707914,-7.407743739546435
339,214.43131919959893,560.4101940336673,175.36147139908405,514.8805261917437,-1.6855314973484639,-1.6065204821679075,1.8110568004114942,6.519804481481379,-5.421577379570468,-4.865390227879511
340,207.79153442382784,552.9533495882365,164.61814794499097,508.75166049973717,-1.3402512564667475,-1.3728854127991228,1.3996038203440255,5.038573753238492,-5.486018854807604,-3.7742692139178384
341,202.3544422496446,548.039253796333,155.50217140494982,504.99574973366407,-0.8955550484020365,-0.7252120785511738,1.1203809796280952,4.033371526661143,-5.5401305152058455,-3.165500417948661
342,199.72177282556282,546.418532334364,146.78671069785094,503.97221196162167,-0.15446275894121242,-0.056014423958822855,0.8831424163530699,3.1793126988710516,-5.607313415101714,-2.7660363345405647
343,200.96259297952994,547.5345131349762,141.59058717009287,505.8922600023667,-0.0005967916808773246,0.3920672762627032,0.6907622130288588,2.4867439669038918,-5.671534720343482,-2.443677950221619
344,199.7163951923318,549.9514133734097,136.27658976104848,509.08095045213497,-1.0647851741471845,0.839428788771324,0.794865462184809,2.8615156638653128,-5.710869929262112,-2.395899476468875
345,191.36791476955634,555.0985263312526,128.35408822592186,514.3067921560041,-1.4833843419813137,0.3046104613438264,1.193503087327705,4.296611114379738,-5.708678239968957,-2.7958857855520307
346,186.34975958489724,552.6962293484503,121.36017139649476,515.180947175789,-1.0641245622408617,-0.7546297277757636,1.795209447108995,6.462754009592382,-5.759661247492068,-3.4433094441390137
347,181.77918927081194,548.2986294304646,113.47321928940794,515.0412337398109,-1.2350939210802343,-1.8023204060300673,2.1646617293203962,7.7927822255534265,-5.830081756724278,-4.415328100116865
348,175.22044540999747,536.4556911187763,102.30313201177674,510.4584122034371,-2.230583778384357,-2.009297885986196,2.7156987446250085,9.776515480650032,-5.940704160026392,-4.9899840002075955
349,161.6796104133901,530.1930367606019,88.83588143550975,508.9383642683806,-3.293556849583077,-1.7110791822270004,4.055328695680403,14.599183304449452,-5.999282587813233,-3.4851187562133843
350,145.5425170303937,521.0373189026136,71.53763212063602,504.77692007089524,-3.9879896708077824,-0.9301785983045558,5.277467049624027,18.998881378646498,-6.066901504767577,-0.15175259304398303
351,125.74421374828766,521.8112856381892,52.927324220731585,506.2375961237648,-6.292551206714457,0.8415989696605485,5.598067014313112,20.153041251527203,-6.072484988450977,2.8394321861409897
352,88.84093495158393,528.6208873930424,30.45475610510091,511.45017351422916,-7.262645078628363,2.3647302123074643,5.31783713534499,19.144213687241965,-5.997160532558257,4.18175922743911
353,60.30120780251234,543.1196452879794,13.881051934642688,519.7411522803361,-3.365533818113645,2.778107403452365,4.707465242268327,16.946874872165978,-5.816639464927602,3.818153301547774
354,58.51442893552564,553.6541497036484,9.369315828595827,525.5760951186664,0.6795566059694111,2.0326998668572775,4.005282595751151,14.419017344704143,-5.7641138548692785,2.0250689261335184
355,66.42462792334608,561.436110987807,8.361361094883495,530.5855841038024,2.520020830851257,0.8853391207452178,3.2527830014786216,11.710018805323038,-5.79479203810298,-0.5989807211843492
356,81.22209761978732,561.6318565467727,12.072374740204236,530.4444121653892,3.330328375979838,-0.341263649824275,2.754920451568566,9.917713625646838,-5.859489043486132,-2.4889597445451708
357,96.43390103955275,558.361016607903,17.564429072590592,527.1337975175859,3.494651011548699,-0.9873039604124617,2.7984390439896543,10.074380558362755,-5.906187764557912,-2.0896888660835407
358,112.7120664191967,552.7353542047138,23.3538242604309,520.461763192048,3.004386337823413,-0.23959077339376686,2.546250925295469,9.166503331063687,-5.93659360874211,0.1738412944958801
359,123.50614136534836,556.2020868739,30.33540667083868,518.3768030472124,1.251202711172031,0.7226331725884295,1.9523347854424087,7.028405227592671,-5.897535987539674,2.7997927469601454
360,123.9865353737041,559.2469331815637,37.82739152949604,516.0843414702965,0.41579889050416946,1.040147869463659,1.6090352628166715,5.7925269461400175,-5.8187671446803595,5.345898428531619
361,127.25286572939373,565.5747606682047,48.797677812122096,514.4598057073941,0.08750621951448964,1.230761010859228,1.687206690063736,6.073944084229449,-5.705743800173047,7.600138662233377
362,124.77504561783414,570.337203913436,55.88821890859886,512.1159629656631,-1.9287980877461313,1.1968062464848108,2.304264015970623,8.295350457494242,-5.581500630164531,9.131012098576303
363,109.87264910611225,576.3590682388892,54.54952307696975,511.4828361742417,-3.0674308535721817,1.280581192987408,2.8327732139938266,10.197983570377776,-5.41847667470902,9.50541913853623
364,97.13471714036275,581.8763995810496,54.53740961314272,510.8522644042962,-3.2308614391176005,1.1755833311932056,2.8039423487010025,10.09419245532361,-5.2526306681618165,8.342539175752586
365,80.75966312358895,586.9521381328625,49.618540743212606,510.6617380117434,-3.0975105111828785,0.5790245875421066,2.6110962377735705,9.399946455984853,-5.099937320202793,5.786548651677588
366,69.22334372119975,587.0939352192395,44.931790950494346,510.35761858787305,-1.2662304169934788,0.006523884364259662,2.289604380985412,8.242575771547482,-5.018967218980659,2.7196930399118515
367,69.34978093729381,587.0109242360821,44.833753544530765,508.52987433099054,0.9234889030421436,-0.6783230524974784,2.001163513040863,7.204188646947108,-5.015165879717414,-0.1015329523814335
368,77.54481463411659,580.9816305317395,48.091341225099704,505.6343451165527,2.070883054709835,-1.4004506480920575,1.9237250042429466,6.925410015274608,-5.085028525839474,-2.0431876569261886
369,88.01031172120713,574.3915962780701,56.12532416669829,501.0631852583445,1.8678955923770546,-1.6242059125902588,1.9945561733404231,7.180402224025523,-5.122551527587802,-2.588182318507134
370,94.37624464819429,566.3460651083934,61.57220856967934,495.2483817756943,1.1443924696990966,-1.6953300864738272,2.0536016467716722,7.39296592837802,-5.14467755902529,-1.760706185045513
371,98.32232372069242,559.1151376699465,64.51639264589771,490.0021001642393,1.0999727809250857,-1.258989929580923,1.6103902584789478,5.797404930524213,-5.167310670939166,-0.3889590420075372
372,104.28799504531912,555.0014262674167,70.46396054024294,487.06576841940546,0.9739983267447628,-0.5148831937399003,0.9859111567864489,3.549280164431216,-5.174341854896968,0.32460459250424745
373,107.09893025980352,554.4755740475337,75.08911380520104,486.1568583699009,0.18681813246016554,-0.3109046632702736,0.7039197880277389,2.53411123689986,-5.150550540979063,0.3830769814842728
374,105.97139551732432,552.1998938358183,77.0768475553173,486.53473679843853,-0.18875044262857932,0.16296911678686954,0.5368788409506849,1.9327638274224659,-5.126919826586328,0.3717882812560961
375,105.39811792414926,555.9440733013723,76.75865008201423,490.5542510061546,-0.005256294904883175,1.0330165713754786,0.8198539461969181,2.9514742063089052,-5.125202665716873,0.2658524205224954
376,105.924031542493,561.50830817945,75.83343297784968,497.33260870599054,0.21451241934497228,1.568031109709747,1.4893491571222501,5.3616569656401,-5.150830795303528,0.26430088266894347
377,107.33106898848614,570.0734529041101,76.59765167566594,501.9091116504744,-1.274952595107602,-1.149856376430289,2.512282509954389,9.0442170358358,-5.135968123769744,0.5775348234640907
378,94.43555463650512,551.1470614346583,68.87238625530547,493.0325656907376,-2.7276726181118445,-2.3231963379988105,3.185265008653137,11.466954031151294,-5.126791911657959,1.2411374828047999
379,82.75226974487293,549.1393510562509,59.74489430018825,490.8997513411874,-2.8646242885175175,-2.6585415232588407,3.3906594648040302,12.206374073294509,-5.088618195931698,1.9437063971381292
380,68.62269688065425,527.1911959297206,51.27931023469728,477.61834637530376,-2.561723583365435,-3.0688109377245545,3.2419348673552824,11.670965522479017,-5.048936008430317,2.2081493027538475
381,59.6688215131883,521.4865867713827,44.50539433863254,472.70738661464674,-1.8782825189826866,-0.9754798730334205,2.997006350260212,10.789222860936762,-5.013777657626223,2.2611228821821387
382,51.697671256127265,518.4012393175262,38.06808154118524,468.64420134309034,-1.6601634523664448,-0.3941261331561442,2.4955355074732193,8.98392782690359,-4.979753499212105,2.0931605728294262
383,44.70924610947117,517.9351535681517,31.967371842355405,465.4287905606353,-1.4420443857502014,0.18722760672119537,1.7375223389943084,6.25508042037951,-4.9504598016515775,1.704262374695711
384,38.70354607322,520.0883295232592,26.20326524214306,463.06115426728167,-1.3329848524420802,0.47790447665987146,0.7229668448234792,2.602680641364525,-4.928174818506843,1.0944282877809932
