frame,left_elbow_x,left_elbow_y,right_elbow_x,right_elbow_y,left_wrist_x,left_wrist_y,right_wrist_x,right_wrist_y
1,1886.986083984375,496.63507080078125,1774.2152099609375,469.5640869140625,1845.7069091796875,533.494384765625,1766.318115234375,474.19073486328125
2,1883.785888671875,498.333251953125,1772.78466796875,469.81365966796875,1846.514404296875,532.7040405273438,1768.51025390625,474.9926452636719
3,1883.8868408203125,498.5780029296875,1771.761474609375,469.7259826660156,1846.0989990234375,533.7672729492188,1768.32568359375,476.120361328125
4,1882.877197265625,499.11895751953125,1773.25830078125,470.5886535644531,1845.188232421875,532.9597778320312,1768.04296875,476.86798095703125
5,1886.351806640625,498.5125427246094,1767.32568359375,477.3307800292969,1840.2071533203125,527.3443603515625,1764.303955078125,475.9162292480469
6,1879.633056640625,495.7786865234375,1769.282958984375,470.1068420410156,1839.5079345703125,525.1748657226562,1769.29443359375,479.2074279785156
7,1885.838134765625,497.5497741699219,1764.9599609375,474.6983642578125,1839.600341796875,529.1997680664062,1765.2315673828125,480.90887451171875
8,1885.4000244140625,496.6963195800781,1766.052978515625,475.79443359375,1836.84375,524.849365234375,1764.743896484375,480.7103576660156
9,1885.053955078125,496.29693603515625,1764.0806884765625,474.6464538574219,1835.5997314453125,523.9912719726562,1765.4957275390625,481.4256591796875
10,1883.4254150390625,493.6519775390625,1769.9381103515625,472.4760437011719,1828.6435546875,518.5748291015625,1768.872802734375,484.8380432128906
11,1882.2041015625,494.9862060546875,1762.9190673828125,476.4736022949219,1830.2666015625,517.0390625,1767.60693359375,485.5346374511719
12,1881.993896484375,492.6932373046875,1769.3306884765625,473.92803955078125,1823.2701416015625,510.9998474121094,1769.809326171875,485.1107482910156
13,1881.2154541015625,492.4486999511719,1769.5093994140625,476.15826416015625,1821.286865234375,506.9154357910156,1770.674560546875,486.31011962890625
14,1879.5604248046875,492.53375244140625,1769.5726318359375,476.98406982421875,1816.2161865234375,503.6125793457031,1773.9781494140625,484.7240295410156
15,1879.2598876953125,495.7863464355469,1763.1636962890625,479.0657043457031,1820.7642822265625,505.07110595703125,1773.440673828125,484.4192810058594
16,1879.2767333984375,493.0023498535156,1768.03759765625,479.0695495605469,1815.6666259765625,500.82196044921875,1775.9150390625,487.0047302246094
17,1877.3323974609375,493.3941955566406,1767.3394775390625,480.3403015136719,1814.1976318359375,498.25872802734375,1776.2127685546875,487.0462951660156
18,1878.809814453125,492.7445373535156,1767.06787109375,480.4068603515625,1815.0111083984375,498.7729797363281,1777.2890625,488.1945495605469
19,1878.771728515625,492.690673828125,1767.2142333984375,479.8855895996094,1816.1064453125,497.5706481933594,1776.5753173828125,487.03997802734375
20,1877.517822265625,492.63299560546875,1767.8804931640625,479.0900573730469,1813.923095703125,497.5246887207031,1774.193603515625,486.2441101074219
21,1878.5816650390625,493.4345703125,1767.7510986328125,479.37762451171875,1815.7349853515625,497.4598388671875,1774.811767578125,484.6551208496094
22,1878.025634765625,493.43511962890625,1768.8028564453125,479.4242248535156,1814.873291015625,497.1298828125,1774.7105712890625,486.0498962402344
23,1878.2537841796875,493.2501525878906,1767.718505859375,479.9385070800781,1816.51806640625,496.0985412597656,1775.4654541015625,486.0422058105469
24,1877.0164794921875,493.9270935058594,1769.661376953125,481.1120910644531,1812.1861572265625,495.080322265625,1776.4608154296875,485.9791564941406
25,1876.497802734375,496.5700378417969,1764.859619140625,483.0806884765625,1818.0062255859375,499.14251708984375,1776.056884765625,485.01409912109375
26,1876.3150634765625,494.8846435546875,1770.218994140625,484.6300354003906,1812.340576171875,496.8753662109375,1784.978759765625,491.2169494628906
27,1874.969970703125,494.65899658203125,1770.4461669921875,483.92681884765625,1811.8505859375,497.35986328125,1787.810791015625,490.2467956542969
28,1875.169921875,494.4664306640625,1771.6839599609375,483.294189453125,1810.2110595703125,497.02508544921875,1782.7794189453125,489.6588439941406
29,1876.7017822265625,494.0019226074219,1772.5174560546875,480.5660705566406,1808.3988037109375,497.8179931640625,1781.1611328125,486.6456604003906
30,1876.994384765625,494.4026184082031,1773.097412109375,481.1390075683594,1807.54541015625,497.26611328125,1785.307373046875,486.91845703125
31,1878.2593994140625,494.6607971191406,1773.3193359375,482.60333251953125,1809.7899169921875,498.0553283691406,1785.6207275390625,489.5502624511719
32,1876.8284912109375,494.62493896484375,1775.1741943359375,484.3636169433594,1808.7235107421875,498.01300048828125,1786.5413818359375,493.07861328125
33,1877.597900390625,494.4082946777344,1775.465087890625,485.8138732910156,1810.0218505859375,498.8155517578125,1790.54052734375,494.9079895019531
34,1877.239501953125,494.64013671875,1776.4822998046875,489.13177490234375,1808.6024169921875,498.53643798828125,1795.297119140625,499.5382995605469
35,1876.056884765625,494.40362548828125,1776.2127685546875,489.43048095703125,1809.702392578125,499.9061279296875,1800.5482177734375,500.8350524902344
36,1870.80615234375,496.63616943359375,1775.5697021484375,491.185546875,1806.2344970703125,498.4289245605469,1794.290771484375,499.3785095214844
37,1872.236572265625,498.36932373046875,1772.2962646484375,490.12713623046875,1812.41357421875,504.42535400390625,1795.0433349609375,499.26947021484375
38,1874.422607421875,498.6007080078125,1772.8660888671875,490.5370788574219,1812.530029296875,505.13958740234375,1795.4095458984375,501.30023193359375
39,1874.794921875,499.7721862792969,1772.949951171875,490.5370788574219,1811.2490234375,506.8465881347656,1786.1602783203125,501.8395690917969
40,1880.0137939453125,502.19696044921875,1768.2789306640625,489.6219177246094,1815.8072509765625,509.81683349609375,1781.67333984375,504.736083984375
41,1880.674560546875,504.0765686035156,1769.2548828125,490.0436096191406,1814.82470703125,510.7148742675781,1778.3404541015625,503.252685546875
42,1882.625244140625,505.9720458984375,1768.937255859375,491.1867370605469,1818.965087890625,514.1668701171875,1778.352294921875,502.7706298828125
43,1875.4124755859375,503.43603515625,1774.3311767578125,489.8387451171875,1813.2821044921875,514.7222900390625,1785.3648681640625,500.03515625
44,1875.3095703125,503.5602111816406,1774.6385498046875,489.827392578125,1814.83740234375,517.1640625,1783.42236328125,501.21563720703125
45,1875.6427001953125,504.16204833984375,1775.923828125,489.6491394042969,1813.6865234375,522.4134521484375,1783.136474609375,504.6751403808594
46,1875.5863037109375,505.4377746582031,1776.9246826171875,489.5150146484375,1812.01953125,525.00732421875,1784.270263671875,502.44189453125
47,1875.3150634765625,505.50177001953125,1776.00732421875,489.0386657714844,1812.5186767578125,526.5957641601562,1783.463134765625,503.82293701171875
48,1878.6322021484375,505.8284912109375,1775.7637939453125,488.3412170410156,1817.248291015625,529.1173706054688,1782.1055908203125,503.6680603027344
49,1880.5601806640625,505.07025146484375,1774.980224609375,486.3219299316406,1818.7640380859375,529.2275390625,1779.6844482421875,500.8083801269531
50,1881.10693359375,505.4631042480469,1775.714111328125,486.7151184082031,1820.73681640625,527.6718139648438,1777.5938720703125,498.0224304199219
51,1881.569580078125,506.4830322265625,1774.3714599609375,488.12835693359375,1821.08544921875,529.14697265625,1777.8076171875,498.1097717285156
52,1879.8013916015625,503.5729064941406,1777.203125,488.0100402832031,1818.5159912109375,526.8656616210938,1777.4342041015625,502.805908203125
53,1877.612548828125,503.47412109375,1776.1202392578125,488.6003723144531,1819.8251953125,524.994140625,1777.037841796875,502.30279541015625
54,1876.37109375,504.85546875,1774.70068359375,490.88409423828125,1817.8824462890625,527.6680297851562,1775.8953857421875,506.8741149902344
55,1876.788330078125,503.9469909667969,1775.8729248046875,489.753662109375,1816.1414794921875,524.6698608398438,1774.4437255859375,504.3941650390625
56,1874.8719482421875,503.5901184082031,1774.8494873046875,490.3050231933594,1817.7803955078125,526.6112670898438,1774.6162109375,507.1371765136719
57,1875.1337890625,503.76690673828125,1774.570068359375,489.3203430175781,1816.4732666015625,523.156005859375,1770.0037841796875,502.391357421875
58,1875.021728515625,503.1365051269531,1772.5343017578125,489.4131774902344,1816.6019287109375,520.6939697265625,1770.8665771484375,501.4301452636719
59,1873.5506591796875,503.96112060546875,1770.9302978515625,491.68560791015625,1811.849609375,519.797119140625,1771.358642578125,503.65521240234375
60,1870.4931640625,505.30401611328125,1770.626953125,495.2029724121094,1808.5587158203125,516.2852783203125,1770.5518798828125,502.77685546875
61,1872.126708984375,505.4761047363281,1769.259521484375,494.64935302734375,1806.90576171875,514.7935180664062,1770.8543701171875,498.7422180175781
62,1869.0125732421875,503.88372802734375,1768.4173583984375,494.5669860839844,1809.1011962890625,512.072265625,1771.8878173828125,500.3489685058594
63,1866.2900390625,503.43798828125,1767.64794921875,494.8994140625,1807.75634765625,507.6913146972656,1771.73291015625,500.638916015625
64,1865.9296875,503.5242004394531,1767.810546875,497.4757080078125,1805.5491943359375,508.5451354980469,1773.7265625,505.0245056152344
65,1866.73828125,506.1050109863281,1767.3209228515625,497.5478210449219,1802.6719970703125,511.4959716796875,1773.754150390625,503.6320495605469
66,1863.487548828125,506.71728515625,1765.9476318359375,497.17877197265625,1800.4808349609375,509.6690673828125,1768.6951904296875,502.0653076171875
67,1863.6826171875,507.6899719238281,1764.397705078125,497.4604187011719,1798.1396484375,512.9664306640625,1769.451416015625,500.6254577636719
68,1861.9522705078125,508.5864562988281,1764.87158203125,498.2648620605469,1795.9002685546875,512.2066650390625,1767.437744140625,500.4371643066406
69,1859.00390625,508.89508056640625,1762.1317138671875,500.5961608886719,1790.195068359375,513.4156494140625,1771.827392578125,503.64892578125
70,1857.535888671875,508.8175964355469,1758.0816650390625,500.34588623046875,1793.278564453125,513.205078125,1771.3154296875,502.3836669921875
71,1849.595947265625,506.98919677734375,1756.3927001953125,495.3314208984375,1783.2952880859375,515.536865234375,1769.7989501953125,499.697509765625
72,1849.2498779296875,507.9809875488281,1755.83251953125,496.9859924316406,1787.2796630859375,513.1358032226562,1768.216552734375,499.1008605957031
73,1847.270263671875,508.8578796386719,1755.020263671875,496.4927978515625,1780.873291015625,515.5425415039062,1768.9527587890625,501.01953125
74,1846.72314453125,508.6257019042969,1754.536865234375,497.06689453125,1785.3753662109375,514.27587890625,1769.790283203125,499.25115966796875
75,1842.22705078125,507.9467468261719,1752.8372802734375,498.9167175292969,1781.321533203125,518.1919555664062,1771.7669677734375,504.1905517578125
76,1840.64501953125,507.91217041015625,1750.871337890625,498.76422119140625,1780.90869140625,516.7998657226562,1769.897216796875,503.2945251464844
77,1835.618896484375,509.28533935546875,1749.276123046875,501.4150085449219,1777.538818359375,519.1286010742188,1768.9625244140625,507.1475830078125
78,1835.630859375,509.8237609863281,1749.86865234375,501.7728271484375,1777.77685546875,518.8170776367188,1769.1201171875,507.30322265625
79,1833.0494384765625,508.5108337402344,1748.84375,500.92083740234375,1778.5916748046875,519.4140014648438,1767.575439453125,507.2353820800781
80,1831.7066650390625,507.7657775878906,1748.115234375,499.1177062988281,1779.0908203125,517.8671264648438,1759.392333984375,506.19775390625
81,1829.506103515625,508.1506652832031,1746.27392578125,500.853271484375,1779.9617919921875,516.5113525390625,1754.2913818359375,507.8096008300781
82,1834.468994140625,514.24462890625,1734.8056640625,498.3717956542969,1772.603759765625,517.223876953125,1743.14208984375,502.7331237792969
83,1834.85595703125,514.3668212890625,1732.2115478515625,499.44097900390625,1772.8677978515625,517.1971435546875,1740.2996826171875,502.92901611328125
84,1834.73583984375,514.9668579101562,1731.3651123046875,499.6986083984375,1773.550537109375,518.5039672851562,1741.0211181640625,504.59234619140625
85,1832.608154296875,516.9501953125,1733.6729736328125,501.6279602050781,1772.0596923828125,520.0308227539062,1741.9278564453125,507.5612487792969
86,1832.1734619140625,518.237548828125,1731.5611572265625,501.798095703125,1773.481689453125,521.79248046875,1739.680419921875,505.3916015625
87,1824.6185302734375,513.1591796875,1743.0164794921875,501.5918884277344,1771.6898193359375,522.107421875,1730.3583984375,511.5221862792969
88,1828.030517578125,522.4536743164062,1729.787109375,502.1763610839844,1764.6146240234375,530.2350463867188,1736.09033203125,507.6850280761719
89,1825.6085205078125,517.943359375,1729.1429443359375,497.8687438964844,1758.09423828125,525.8170166015625,1725.8944091796875,502.7554626464844
90,1825.010009765625,518.784912109375,1727.3702392578125,498.0710754394531,1759.751220703125,530.4508666992188,1724.20068359375,504.71685791015625
91,1824.4351806640625,517.5558471679688,1726.6937255859375,495.3406677246094,1762.6077880859375,530.8297729492188,1720.728271484375,503.414794921875
92,1824.3275146484375,516.5760498046875,1723.885009765625,493.7610168457031,1764.1231689453125,533.813232421875,1718.1181640625,502.9647521972656
93,1822.385009765625,517.0658569335938,1723.2562255859375,493.1829528808594,1763.9630126953125,535.9912719726562,1717.85888671875,502.17913818359375
94,1822.72265625,515.8104858398438,1721.173095703125,493.6535339355469,1763.8199462890625,535.6558837890625,1716.2523193359375,503.2920227050781
95,1821.6834716796875,515.3748779296875,1720.599365234375,492.9529724121094,1764.355712890625,535.453125,1715.7708740234375,502.1031494140625
96,1820.90625,514.5112915039062,1720.847900390625,491.6011962890625,1763.121826171875,536.6261596679688,1715.0904541015625,502.3995056152344
97,1819.0799560546875,511.5952453613281,1720.307861328125,490.8313293457031,1764.1253662109375,533.0404052734375,1713.2978515625,501.4689636230469
98,1817.558837890625,510.790283203125,1720.76953125,489.7220153808594,1764.61376953125,533.1429443359375,1713.791748046875,500.9367370605469
99,1817.1083984375,514.2894287109375,1720.59716796875,490.4908447265625,1765.7442626953125,533.0546264648438,1714.10302734375,500.7664489746094
100,1815.03955078125,513.0056762695312,1718.730224609375,492.2994689941406,1762.6695556640625,528.2139892578125,1713.104736328125,502.5898132324219
101,1815.6292724609375,513.7439575195312,1717.87548828125,493.06072998046875,1763.271728515625,529.0792846679688,1711.601806640625,503.8717346191406
102,1814.6151123046875,512.3521728515625,1721.4371337890625,496.65802001953125,1760.2210693359375,529.8743896484375,1711.93994140625,508.7396240234375
103,1813.4124755859375,511.568603515625,1719.8427734375,497.1966552734375,1758.72705078125,526.783447265625,1712.3177490234375,508.867431640625
104,1815.641357421875,511.6739501953125,1717.8245849609375,495.89959716796875,1758.240234375,524.50244140625,1710.7796630859375,506.2069091796875
105,1814.6309814453125,511.3363037109375,1720.86376953125,497.5428771972656,1754.97998046875,524.0032348632812,1711.1785888671875,509.2401428222656
106,1814.346435546875,511.1756591796875,1720.7757568359375,498.1756286621094,1756.048583984375,524.49755859375,1710.2674560546875,507.7505798339844
107,1814.2135009765625,511.94403076171875,1722.047607421875,499.5362548828125,1754.6529541015625,523.1550903320312,1710.60546875,508.15484619140625
108,1813.91064453125,512.0391235351562,1720.039794921875,498.9891357421875,1756.6444091796875,521.6450805664062,1710.3409423828125,504.9731140136719
109,1813.4052734375,512.550048828125,1720.4210205078125,500.7466125488281,1755.25390625,521.4273681640625,1710.527099609375,506.9802551269531
110,1812.5794677734375,510.79351806640625,1717.6790771484375,500.3872375488281,1752.7955322265625,516.7551879882812,1711.4176025390625,508.0959777832031
111,1812.2528076171875,510.95745849609375,1714.45654296875,501.7707824707031,1754.09912109375,518.9163208007812,1717.69482421875,511.7040710449219
112,1811.182373046875,510.7842712402344,1713.985107421875,501.28765869140625,1754.5958251953125,517.6627807617188,1717.82275390625,510.1124267578125
113,1809.887451171875,511.25274658203125,1712.548828125,500.5584716796875,1752.78125,521.3539428710938,1715.1676025390625,510.52655029296875
114,1809.5335693359375,511.1000061035156,1713.988037109375,500.89508056640625,1750.414794921875,520.526611328125,1714.861572265625,511.18963623046875
115,1807.8885498046875,513.0110473632812,1707.95849609375,496.2836608886719,1750.2943115234375,521.1433715820312,1714.616455078125,505.875732421875
116,1807.1009521484375,512.2991333007812,1707.7811279296875,497.3652648925781,1749.7994384765625,521.0231323242188,1716.023193359375,507.5196533203125
117,1807.74365234375,512.9594116210938,1707.72802734375,496.8034973144531,1751.3961181640625,521.486328125,1713.4432373046875,505.4118347167969
118,1806.8240966796875,513.433837890625,1705.5054931640625,499.3597412109375,1752.1883544921875,522.187255859375,1716.651611328125,507.8935546875
119,1805.9217529296875,512.8101196289062,1703.971435546875,499.0633239746094,1754.2042236328125,522.8049926757812,1717.192138671875,507.9009704589844
120,1806.29345703125,510.9602966308594,1704.315673828125,497.1864013671875,1753.7874755859375,522.3473510742188,1714.6790771484375,507.6122131347656
121,1807.7685546875,510.1158447265625,1707.54345703125,502.7232360839844,1757.0020751953125,521.2896728515625,1718.9901123046875,515.8473510742188
122,1806.35791015625,511.21234130859375,1706.4400634765625,503.02618408203125,1755.646484375,521.6985473632812,1718.3321533203125,514.7051391601562
123,1807.313232421875,509.806640625,1707.058349609375,501.29827880859375,1756.382080078125,519.9786987304688,1714.1378173828125,510.97882080078125
124,1807.0379638671875,509.6059875488281,1706.4830322265625,501.3527526855469,1756.1861572265625,520.8172607421875,1712.7327880859375,511.70501708984375
125,1803.8162841796875,510.43170166015625,1705.560546875,499.2992248535156,1753.817626953125,525.2667846679688,1713.03369140625,509.4046325683594
126,1805.7110595703125,510.6701965332031,1707.6043701171875,502.47503662109375,1757.175048828125,525.2826538085938,1706.5570068359375,512.1841430664062
127,1805.71337890625,510.8914794921875,1706.7550048828125,504.6009826660156,1756.7098388671875,524.2354736328125,1708.6751708984375,514.9152221679688
128,1802.03759765625,512.4227905273438,1704.4398193359375,503.6107177734375,1750.14697265625,524.9609985351562,1711.8238525390625,513.385986328125
129,1802.3148193359375,511.6285400390625,1704.42529296875,503.3123474121094,1748.2840576171875,523.2350463867188,1714.3619384765625,512.3095703125
130,1801.9036865234375,512.2060546875,1703.3507080078125,502.3058166503906,1748.728759765625,522.892822265625,1712.678955078125,510.8468017578125
131,1801.9716796875,512.2329711914062,1705.15283203125,502.6036682128906,1749.6822509765625,523.3170776367188,1712.3587646484375,510.6257629394531
132,1802.860107421875,511.6824645996094,1705.001708984375,502.44683837890625,1750.7396240234375,526.164794921875,1712.608642578125,512.0711059570312
133,1801.658203125,510.8908386230469,1704.738037109375,502.782470703125,1749.347900390625,524.1461791992188,1714.531982421875,511.96856689453125
134,1805.1102294921875,512.0139770507812,1706.79345703125,507.33392333984375,1752.998779296875,525.3753662109375,1713.6632080078125,517.3934936523438
135,1803.287841796875,511.76763916015625,1705.41943359375,504.5768737792969,1748.911376953125,528.3773803710938,1711.0777587890625,517.8635864257812
136,1803.5244140625,513.3527221679688,1706.8118896484375,505.3601989746094,1741.3114013671875,529.8213500976562,1704.459228515625,516.9893188476562
137,1801.653076171875,515.9901123046875,1708.630859375,506.277099609375,1734.9342041015625,533.102294921875,1703.8353271484375,515.9020385742188
138,1801.1199951171875,515.742919921875,1705.4345703125,506.2896728515625,1737.4031982421875,536.2468872070312,1701.9129638671875,519.1890869140625
139,1797.1025390625,516.5753173828125,1704.7144775390625,505.1775817871094,1742.5513916015625,536.3336181640625,1702.4586181640625,516.5718994140625
140,1798.9500732421875,515.1253051757812,1704.3216552734375,504.8533630371094,1745.009033203125,536.2877197265625,1699.3194580078125,515.351318359375
141,1796.4774169921875,517.9360961914062,1702.1923828125,506.2069091796875,1746.0279541015625,538.9764404296875,1696.6402587890625,514.8048095703125
142,1790.93310546875,517.6610107421875,1702.9893798828125,504.6192932128906,1746.230712890625,541.15234375,1696.159423828125,513.5608520507812
143,1790.823974609375,517.2171020507812,1699.5908203125,503.6717224121094,1743.71630859375,545.5431518554688,1694.6773681640625,515.9276733398438
144,1789.842529296875,517.3981323242188,1700.427001953125,503.2974548339844,1739.60302734375,545.0980224609375,1693.4622802734375,513.9236450195312
145,1785.600341796875,518.4286499023438,1700.2607421875,504.4577941894531,1742.4814453125,547.4627685546875,1691.3372802734375,516.2470703125
146,1785.7335205078125,518.0545654296875,1696.5911865234375,505.518310546875,1739.3951416015625,544.0057373046875,1690.2886962890625,517.1774291992188
147,1782.518310546875,518.0067138671875,1696.8707275390625,506.12872314453125,1738.4766845703125,543.3040161132812,1688.493896484375,517.5369262695312
148,1778.955810546875,521.2710571289062,1693.9674072265625,507.881591796875,1731.701416015625,548.89599609375,1687.7808837890625,520.0944213867188
149,1782.4749755859375,518.8516845703125,1691.8707275390625,512.4127807617188,1723.7237548828125,544.4899291992188,1684.828857421875,520.5133056640625
150,1780.4241943359375,520.8265380859375,1693.3502197265625,512.9895629882812,1720.4556884765625,544.2385864257812,1685.2833251953125,522.9049072265625
151,1777.8310546875,520.9906616210938,1688.0128173828125,514.5062255859375,1715.735595703125,541.688232421875,1683.0418701171875,525.2470092773438
152,1775.19921875,520.7279052734375,1687.61474609375,513.7114868164062,1714.7779541015625,540.59912109375,1680.9971923828125,523.4171142578125
153,1770.6412353515625,523.213623046875,1690.2513427734375,514.4285888671875,1709.7386474609375,540.7982788085938,1678.8040771484375,520.0089721679688
154,1770.46435546875,522.6231079101562,1680.133056640625,514.500732421875,1710.7723388671875,539.1690673828125,1676.74365234375,520.535400390625
155,1764.712646484375,522.239501953125,1679.69970703125,518.1190795898438,1705.433837890625,535.830078125,1677.4732666015625,522.4224243164062
156,1759.833251953125,524.8685302734375,1677.1343994140625,520.58251953125,1702.7244873046875,535.9107055664062,1675.2078857421875,522.527587890625
157,1756.439208984375,529.455810546875,1677.0596923828125,526.0277709960938,1699.7227783203125,538.6798706054688,1677.658935546875,525.95849609375
158,1755.13916015625,527.341552734375,1674.4683837890625,524.607421875,1698.15283203125,538.4727783203125,1675.4608154296875,529.4755249023438
159,1750.1884765625,528.80419921875,1676.9359130859375,525.69287109375,1689.515625,539.8515625,1669.669189453125,529.538818359375
160,1748.656494140625,529.3538818359375,1672.6290283203125,527.26611328125,1686.7109375,539.9476318359375,1667.83203125,533.29638671875
161,1747.923828125,530.2593383789062,1670.5511474609375,526.553466796875,1682.9403076171875,541.093017578125,1667.987548828125,533.5764770507812
162,1745.1507568359375,531.0114135742188,1668.061279296875,526.3445434570312,1679.2957763671875,542.9474487304688,1665.16259765625,535.4913940429688
163,1741.2847900390625,532.0496826171875,1664.274169921875,527.1876220703125,1670.8795166015625,542.6693115234375,1652.3111572265625,533.6680908203125
164,1741.2811279296875,529.336669921875,1657.677978515625,523.3515014648438,1674.0880126953125,543.7479858398438,1645.310791015625,533.18115234375
165,1738.691650390625,529.9107666015625,1655.052001953125,523.5427856445312,1672.3839111328125,545.44384765625,1642.228271484375,534.0340576171875
166,1726.347412109375,531.7119140625,1667.4691162109375,518.2291870117188,1679.9249267578125,545.294677734375,1628.990478515625,530.1853637695312
167,1721.2578125,530.5615844726562,1664.3104248046875,516.0426635742188,1674.728759765625,548.1771240234375,1623.6007080078125,530.3948364257812
168,1722.0703125,529.484619140625,1659.5999755859375,515.3941040039062,1676.0390625,545.2807006835938,1617.7852783203125,529.1307373046875
169,1719.2274169921875,531.6246948242188,1659.749755859375,515.5343017578125,1673.46435546875,546.312744140625,1615.822265625,527.9039306640625
170,1713.0634765625,529.4030151367188,1655.830810546875,514.6589965820312,1669.5323486328125,541.544677734375,1613.7147216796875,525.347412109375
171,1711.4268798828125,527.1972045898438,1652.86083984375,512.6834106445312,1670.2464599609375,540.7714233398438,1609.526123046875,525.25390625
172,1708.8900146484375,526.1026611328125,1649.7227783203125,512.0857543945312,1670.4580078125,542.108642578125,1607.1650390625,526.2734375
173,1707.2821044921875,526.7706298828125,1645.333740234375,516.0921020507812,1668.8372802734375,541.639892578125,1607.7529296875,527.8668823242188
174,1697.5543212890625,528.78515625,1628.3878173828125,512.552001953125,1645.172607421875,552.9727783203125,1605.9521484375,521.7633056640625
175,1697.9197998046875,527.6334228515625,1619.8433837890625,510.45703125,1651.157958984375,551.712890625,1599.06884765625,517.163818359375
176,1693.4521484375,526.7425537109375,1609.5462646484375,508.4566345214844,1653.3157958984375,552.3807983398438,1596.74462890625,514.5859375
177,1700.128173828125,520.647705078125,1604.0849609375,512.2398681640625,1648.8416748046875,549.04443359375,1593.1468505859375,518.2369995117188
178,1694.0498046875,520.4130249023438,1602.0869140625,511.8598327636719,1647.581298828125,547.4473266601562,1590.50732421875,521.0407104492188
179,1691.832275390625,520.6490478515625,1600.0584716796875,508.7198486328125,1644.7596435546875,549.8424682617188,1587.2421875,520.467041015625
180,1689.94970703125,517.28173828125,1591.5794677734375,505.373291015625,1642.8121337890625,548.467529296875,1581.3143310546875,516.9107055664062
181,1683.4830322265625,520.7098388671875,1589.942138671875,496.995849609375,1634.2452392578125,557.78466796875,1575.0311279296875,505.8078918457031
182,1678.5684814453125,517.8641967773438,1583.456298828125,502.3243103027344,1635.7142333984375,550.9627075195312,1572.1568603515625,513.8218383789062
183,1674.5452880859375,516.5025024414062,1580.00830078125,500.2607421875,1633.5843505859375,547.75390625,1568.54345703125,511.79937744140625
184,1668.2509765625,517.4982299804688,1577.1805419921875,503.5918884277344,1625.8016357421875,543.5877685546875,1567.0814208984375,512.555419921875
185,1665.4368896484375,520.0178833007812,1570.609130859375,509.0566711425781,1616.4188232421875,540.3737182617188,1564.74951171875,514.7232055664062
186,1660.94970703125,522.35693359375,1563.638427734375,513.1591796875,1611.197509765625,542.0603637695312,1560.184326171875,521.4979248046875
187,1655.71435546875,519.0565795898438,1568.29541015625,514.8342895507812,1608.90283203125,542.3629760742188,1556.9622802734375,525.1437377929688
188,1653.8162841796875,522.8643188476562,1566.837890625,515.6436767578125,1600.153564453125,542.64794921875,1554.0692138671875,521.5365600585938
189,1648.1346435546875,523.3203735351562,1561.3056640625,518.9328002929688,1589.176513671875,542.18017578125,1549.9010009765625,524.0933837890625
190,1642.64990234375,523.3898315429688,1552.96875,519.5197143554688,1588.32275390625,543.0527954101562,1544.3233642578125,523.3854370117188
191,1636.89111328125,523.7755737304688,1547.140625,520.6406860351562,1575.972412109375,541.574462890625,1540.8992919921875,525.9027099609375
192,1631.425537109375,524.7271728515625,1545.3941650390625,522.4835205078125,1571.73193359375,542.2058715820312,1534.7098388671875,525.9865112304688
193,1623.8892822265625,525.3578491210938,1541.872314453125,523.1881713867188,1558.6519775390625,541.9863891601562,1528.343017578125,527.2640991210938
194,1618.0411376953125,538.8196411132812,1540.036376953125,526.4815063476562,1558.53662109375,545.29541015625,1525.576904296875,527.5918579101562
195,1610.9814453125,538.2163696289062,1532.8221435546875,527.0445556640625,1552.8218994140625,544.5416259765625,1518.61083984375,527.279541015625
196,1597.79052734375,541.1826782226562,1527.7613525390625,536.65966796875,1539.5753173828125,543.9114379882812,1518.20263671875,535.3814697265625
197,1597.40625,540.1437377929688,1519.102783203125,537.7533569335938,1537.8092041015625,548.1915893554688,1517.3990478515625,544.3642578125
198,1590.8045654296875,535.7720947265625,1509.62744140625,534.3006591796875,1529.802001953125,545.5690307617188,1509.0135498046875,532.782958984375
199,1583.8199462890625,532.8446655273438,1508.0537109375,531.97998046875,1523.2203369140625,543.8048095703125,1501.428466796875,532.1476440429688
200,1577.5931396484375,532.077392578125,1500.3814697265625,537.103515625,1513.5206298828125,542.6857299804688,1494.1072998046875,540.3444213867188
201,1571.6378173828125,527.7002563476562,1493.486083984375,532.9727783203125,1508.257568359375,537.79296875,1486.1868896484375,533.8846435546875
202,1566.5941162109375,529.9114379882812,1492.1025390625,537.04248046875,1501.681640625,540.493896484375,1484.662841796875,538.1570434570312
203,1555.1156005859375,531.1724853515625,1481.143798828125,535.3969116210938,1491.424560546875,541.5419921875,1474.06494140625,534.0372924804688
204,1543.7637939453125,536.969482421875,1471.492919921875,533.8734741210938,1481.360107421875,542.2013549804688,1464.22119140625,542.3021240234375
205,1541.501708984375,539.0462036132812,1460.22509765625,534.2767333984375,1480.60693359375,538.4899291992188,1452.736083984375,540.0902709960938
206,1539.6536865234375,528.8701171875,1453.969482421875,531.194091796875,1471.1983642578125,536.8338623046875,1443.04931640625,528.8860473632812
207,1531.58935546875,527.6062622070312,1449.89794921875,532.06103515625,1464.152099609375,533.9808349609375,1439.136474609375,527.24853515625
208,1522.2611083984375,534.7842407226562,1436.4443359375,531.6787719726562,1455.21923828125,527.3141479492188,1429.747314453125,527.6387939453125
209,1517.0145263671875,522.1356201171875,1436.8973388671875,526.478759765625,1451.8939208984375,520.8267211914062,1424.8775634765625,516.8900756835938
210,1512.1387939453125,518.40185546875,1422.75732421875,525.6324462890625,1453.0,515.0421752929688,1414.57666015625,510.0435791015625
211,1506.433349609375,511.19708251953125,1412.8675537109375,530.0864868164062,1439.2474365234375,512.5101928710938,1406.381591796875,530.951171875
212,1495.13427734375,511.3184509277344,1405.9464111328125,518.9828491210938,1433.4033203125,506.858642578125,1392.0869140625,514.7171630859375
213,1489.116455078125,505.8038024902344,1397.8626708984375,513.1234741210938,1431.7667236328125,501.9337463378906,1384.0338134765625,511.05029296875
214,1483.603759765625,504.4981384277344,1391.2725830078125,508.30712890625,1428.97607421875,498.7734375,1376.2115478515625,503.0980529785156
215,1477.404052734375,500.6053161621094,1371.0032958984375,514.111572265625,1427.23291015625,493.0084533691406,1373.281494140625,498.7294006347656
216,1472.28076171875,503.1110534667969,1365.92724609375,507.2403564453125,1417.1925048828125,487.1645812988281,1367.858642578125,489.16259765625
217,1464.287841796875,501.8360595703125,1366.1451416015625,504.3609313964844,1405.013427734375,479.326171875,1361.369873046875,486.4986877441406
218,1456.121337890625,500.7014465332031,1356.661376953125,502.9764404296875,1397.8492431640625,477.8471374511719,1359.959716796875,479.6913757324219
219,1452.3951416015625,498.25909423828125,1344.9013671875,504.7283020019531,1383.0306396484375,476.04486083984375,1350.5057373046875,484.162841796875
220,1437.1431884765625,490.15869140625,1331.887939453125,500.26300048828125,1384.987548828125,476.3186950683594,1343.0723876953125,482.2674255371094
221,1429.4124755859375,485.81390380859375,1327.48828125,497.5510559082031,1379.6129150390625,472.22735595703125,1337.628662109375,478.3239440917969
222,1422.0931396484375,487.95263671875,1313.6409912109375,499.6562805175781,1376.2489013671875,470.895263671875,1335.210205078125,467.13995361328125
223,1410.77783203125,491.115234375,1317.8602294921875,493.91412353515625,1358.2637939453125,465.9126281738281,1326.4599609375,469.6190490722656
224,1404.6800537109375,497.597900390625,1311.195556640625,497.5299072265625,1356.0654296875,469.5478820800781,1321.982177734375,470.408203125
225,1395.92431640625,497.7166748046875,1307.2083740234375,506.83282470703125,1336.15185546875,477.1920166015625,1315.0142822265625,474.8778076171875
226,1386.39697265625,500.0116882324219,1299.7352294921875,510.06805419921875,1332.2972412109375,478.4889221191406,1309.4150390625,469.6077575683594
227,1381.2857666015625,505.04095458984375,1294.45751953125,502.72735595703125,1328.5733642578125,484.877197265625,1297.3824462890625,476.1441650390625
228,1375.7984619140625,499.72467041015625,1282.0733642578125,517.8220825195312,1327.88671875,480.70477294921875,1288.380615234375,472.0071105957031
229,1369.180419921875,500.7404479980469,1278.1644287109375,523.029296875,1321.2847900390625,480.68035888671875,1279.2352294921875,471.13238525390625
230,1345.87255859375,508.8485412597656,1282.91455078125,527.908935546875,1290.6785888671875,480.6114807128906,1273.2498779296875,483.35687255859375
231,1338.921142578125,511.5267639160156,1279.328857421875,528.0421752929688,1287.7769775390625,483.6800537109375,1269.68115234375,490.58984375
232,1329.3382568359375,511.07843017578125,1276.06982421875,528.7742919921875,1278.1138916015625,482.57061767578125,1264.7613525390625,498.3175964355469
233,1323.7301025390625,521.2686157226562,1263.26171875,522.66015625,1266.42333984375,486.1805419921875,1245.5489501953125,490.7075500488281
234,1314.0609130859375,520.6334838867188,1238.375,525.845947265625,1263.20068359375,493.65521240234375,1226.5240478515625,491.9637756347656
235,1299.173583984375,520.2791748046875,1239.069091796875,528.586181640625,1243.6787109375,496.14862060546875,1214.2977294921875,500.1692810058594
236,1276.136474609375,518.5056762695312,1230.4346923828125,532.9764404296875,1228.347412109375,484.42987060546875,1210.3818359375,500.9096374511719
237,1275.9034423828125,525.135009765625,1222.6156005859375,535.2012939453125,1229.94287109375,486.5314636230469,1212.16455078125,500.83843994140625
238,1265.0286865234375,528.901611328125,1212.04443359375,533.8119506835938,1218.802978515625,484.0767822265625,1208.1123046875,485.6272888183594
239,1231.5369873046875,522.055419921875,1201.9287109375,531.49609375,1194.8961181640625,477.8182067871094,1189.9658203125,486.54559326171875
240,1228.12060546875,520.5952758789062,1202.6195068359375,529.892578125,1183.86328125,481.9047546386719,1180.6651611328125,491.466552734375
241,1224.0615234375,517.2809448242188,1191.3292236328125,533.0438232421875,1177.0859375,480.205078125,1171.856201171875,495.2388916015625
242,1220.2685546875,520.3958740234375,1181.3900146484375,524.5648193359375,1176.9598388671875,485.5247497558594,1164.589599609375,492.6801452636719
243,1209.776123046875,520.8135986328125,1154.7747802734375,521.5001220703125,1166.9853515625,485.867431640625,1139.4989013671875,489.5712890625
244,1190.1497802734375,520.6624145507812,1145.08642578125,524.4382934570312,1146.1102294921875,485.167236328125,1123.9498291015625,494.2352600097656
245,1177.5924072265625,520.068115234375,1138.259033203125,530.9784545898438,1136.629638671875,483.7641906738281,1117.1607666015625,498.432861328125
246,1182.16357421875,509.64398193359375,1128.0635986328125,531.5506591796875,1136.4539794921875,483.46502685546875,1113.52392578125,500.5030517578125
247,1179.4638671875,517.70654296875,1118.6319580078125,531.2402954101562,1131.83251953125,481.78326416015625,1106.57958984375,491.7049255371094
248,1168.1324462890625,515.3056640625,1117.0224609375,517.2000732421875,1119.8521728515625,482.5309143066406,1096.1461181640625,486.3138427734375
249,1144.5516357421875,510.5489807128906,1100.020751953125,509.7862243652344,1112.32568359375,479.6241149902344,1088.935546875,478.17864990234375
250,1142.764892578125,508.6805419921875,1089.3682861328125,511.1241149902344,1102.9959716796875,477.8558349609375,1083.140625,480.2074890136719
251,1130.9246826171875,514.3662109375,1079.050048828125,518.39892578125,1085.99365234375,470.84100341796875,1066.6806640625,484.7713623046875
252,1127.4830322265625,504.55828857421875,1083.258544921875,508.3741149902344,1077.6671142578125,475.31689453125,1066.01611328125,482.7508239746094
253,1127.36328125,512.666015625,1069.9625244140625,509.94378662109375,1089.081298828125,477.6977233886719,1048.520263671875,482.0098571777344
254,1109.69775390625,502.2117004394531,1054.7459716796875,493.5688781738281,1085.5206298828125,474.01446533203125,1040.9813232421875,466.8028869628906
255,1106.286865234375,500.7133483886719,1021.9393310546875,490.98095703125,1063.9481201171875,465.64251708984375,1029.017578125,454.9720764160156
256,1092.9752197265625,497.5927734375,1017.107666015625,493.1944274902344,1051.7796630859375,462.75140380859375,1018.6296997070312,455.5827941894531
257,1088.57470703125,501.7321472167969,1031.3326416015625,495.02105712890625,1063.9742431640625,460.8739013671875,1009.2105102539062,462.17059326171875
258,1083.4412841796875,489.6847229003906,981.1680908203125,496.2679138183594,1042.6849365234375,452.0408935546875,990.216064453125,462.361083984375
259,1068.919677734375,489.491943359375,970.2655029296875,492.7532043457031,1031.87548828125,449.7425842285156,988.0579833984375,446.1085510253906
260,1072.6490478515625,489.91424560546875,965.9917602539062,490.9627990722656,1027.0455322265625,459.6632995605469,982.4881591796875,445.6658020019531
261,1053.4083251953125,493.17901611328125,956.3939208984375,489.48468017578125,1010.14306640625,455.7023620605469,974.7593994140625,447.7083740234375
262,1037.2298583984375,496.9790954589844,939.23291015625,487.50421142578125,1001.8286743164062,459.16204833984375,961.7250366210938,455.9717102050781
263,1030.2802734375,498.7862548828125,922.0789184570312,485.1309814453125,998.9857788085938,459.7654724121094,953.7073974609375,451.7690124511719
264,1008.6911010742188,499.4900207519531,910.514892578125,489.9962158203125,989.4588012695312,454.9442443847656,946.76171875,452.4261474609375
265,998.5133666992188,499.5487365722656,907.4324340820312,493.0121154785156,977.2041015625,453.2345886230469,939.4517822265625,455.0539855957031
266,997.7395629882812,502.8212890625,930.0386352539062,489.0697021484375,977.060302734375,454.8813171386719,919.3262939453125,453.1375427246094
267,988.5902709960938,507.9569396972656,922.9639892578125,487.98358154296875,961.2246704101562,460.1136474609375,911.412109375,448.2313232421875
268,982.7789306640625,512.6946411132812,897.7017211914062,493.0478515625,953.4871826171875,457.74755859375,902.122802734375,453.10400390625
269,967.7357177734375,501.9470520019531,885.4779052734375,484.11566162109375,941.7694702148438,456.2866516113281,902.1434326171875,449.65643310546875
270,948.383056640625,497.7628173828125,880.0215454101562,488.5904235839844,912.4530639648438,447.387451171875,890.6738891601562,454.66131591796875
271,953.7559204101562,503.49053955078125,866.8169555664062,491.3404541015625,914.1337890625,452.2598876953125,882.1588134765625,457.2898864746094
272,931.2279052734375,497.51031494140625,854.6654663085938,486.5823059082031,885.8917236328125,440.9092712402344,866.21044921875,451.2788391113281
273,924.9727172851562,493.0359191894531,847.2257080078125,482.8270568847656,883.0692138671875,435.5026550292969,855.2276000976562,445.822265625
274,912.3233642578125,490.37506103515625,839.9473266601562,478.12860107421875,872.50634765625,437.5929870605469,851.2571411132812,442.3694763183594
275,871.9273681640625,495.6837463378906,820.1019287109375,473.8317565917969,857.6407470703125,434.4017028808594,829.0203247070312,446.09381103515625
276,862.9194946289062,476.6484375,806.0067138671875,463.9919128417969,845.1952514648438,421.9697570800781,813.5348510742188,436.9686584472656
277,862.0160522460938,467.877685546875,796.8909301757812,458.8462219238281,840.572021484375,411.9868469238281,801.779541015625,437.7988586425781
278,868.192626953125,447.99993896484375,782.7233276367188,453.42169189453125,851.8762817382812,399.14849853515625,786.818115234375,426.8861389160156
279,853.0867919921875,441.25408935546875,779.2185668945312,446.2630920410156,836.3795166015625,389.31683349609375,785.37841796875,415.99676513671875
280,826.1563720703125,441.6197204589844,778.4711303710938,438.5224914550781,811.4558715820312,382.8836364746094,778.043212890625,404.1784362792969
281,801.558837890625,436.92608642578125,748.0691528320312,433.9247131347656,790.7196044921875,369.9770812988281,744.1964111328125,394.6011047363281
282,786.6831665039062,440.2749328613281,731.81689453125,418.76495361328125,788.1621704101562,365.1271667480469,740.613525390625,383.9955139160156
283,793.1185913085938,441.21588134765625,719.716064453125,406.7776794433594,794.2234497070312,366.61517333984375,739.7451782226562,381.361572265625
284,827.0557250976562,436.4912109375,731.37890625,406.21759033203125,799.1121826171875,377.734619140625,745.8892822265625,360.39056396484375
285,825.26904296875,434.8193664550781,724.9296875,401.3294982910156,791.4856567382812,380.27520751953125,732.4553833007812,350.8984680175781
286,781.6881103515625,440.0849609375,691.96337890625,398.8333740234375,761.4976196289062,374.5245666503906,734.653564453125,355.9646301269531
287,761.7152099609375,425.9652099609375,682.9456787109375,397.827392578125,740.9462280273438,364.29400634765625,725.2315063476562,353.000244140625
288,758.3457641601562,415.81878662109375,679.9140625,396.6724548339844,737.7804565429688,363.6723937988281,723.7996215820312,347.19622802734375
289,777.962646484375,418.166748046875,673.0252075195312,391.3487548828125,750.6133422851562,366.5799255371094,727.3760375976562,338.0457763671875
290,769.0233764648438,417.6828308105469,671.5365600585938,382.67449951171875,755.15283203125,371.9953308105469,726.8045654296875,341.5136413574219
291,770.9722290039062,413.9751281738281,667.7872314453125,387.98358154296875,751.3038940429688,368.4526062011719,718.7819213867188,337.8340759277344
292,747.72607421875,409.3156433105469,673.3917846679688,468.0758972167969,706.6502075195312,373.8300476074219,679.5843505859375,466.0564270019531
293,718.56787109375,396.9383239746094,662.2734985351562,456.4288635253906,705.97998046875,357.1918029785156,673.651611328125,462.49127197265625
294,720.8579711914062,388.6241760253906,653.080078125,437.3260803222656,704.5215454101562,354.68402099609375,659.1080322265625,436.5500183105469
295,728.2711181640625,438.0071716308594,642.6351318359375,508.6643371582031,691.4597778320312,387.0167541503906,633.0233764648438,574.2921142578125
296,688.7298583984375,406.4721984863281,628.302978515625,421.8098449707031,666.9884643554688,363.90325927734375,644.1438598632812,393.2799987792969
297,665.541015625,401.11651611328125,615.9724731445312,397.58892822265625,646.5177612304688,354.33929443359375,639.1124267578125,349.88763427734375
298,642.0596923828125,399.7085266113281,602.8617553710938,417.14697265625,616.1262817382812,356.99578857421875,605.2682495117188,376.55419921875
299,643.8568725585938,410.6750793457031,579.6051635742188,402.58697509765625,617.7133178710938,368.3868103027344,609.3763427734375,368.56561279296875
300,627.4472045898438,425.60443115234375,570.8845825195312,408.78094482421875,588.068115234375,374.0356750488281,578.5966186523438,371.4933776855469
301,614.2307739257812,432.70330810546875,560.950927734375,426.0033874511719,565.3262329101562,396.09716796875,557.9970703125,399.49365234375
302,607.7767333984375,454.126953125,548.968994140625,447.0599060058594,562.357177734375,425.80224609375,542.8040161132812,429.8214416503906
303,602.1389770507812,483.1961975097656,544.519775390625,468.5321350097656,541.2599487304688,444.2419128417969,514.6766357421875,445.7331237792969
304,585.3411254882812,485.722412109375,558.8750610351562,375.6420593261719,515.3959350585938,472.4634094238281,580.649169921875,321.33306884765625
305,567.882568359375,508.3521423339844,537.0247192382812,361.29620361328125,493.7373352050781,501.550048828125,575.7135620117188,313.95733642578125
306,570.3698120117188,515.4957275390625,524.4088134765625,351.29217529296875,483.65972900390625,521.281005859375,547.130859375,299.2631530761719
307,559.2996826171875,529.6632080078125,507.34600830078125,357.0813903808594,492.1987609863281,551.2647094726562,531.45703125,301.0516662597656
308,559.776123046875,535.16162109375,494.0629577636719,364.0556945800781,496.9961242675781,574.4207763671875,503.0621643066406,297.5580139160156
309,553.5619506835938,548.440673828125,465.02581787109375,359.3221435546875,505.3242492675781,602.7169799804688,461.356201171875,276.761962890625
310,562.8956298828125,555.1307373046875,448.75946044921875,377.7897033691406,544.2197265625,623.7684936523438,428.0710144042969,303.0984191894531
311,565.0145874023438,544.9754028320312,430.1726379394531,381.32318115234375,575.10107421875,617.0974731445312,374.8475646972656,312.7187805175781
312,568.9514770507812,550.8572998046875,399.2767028808594,394.8804931640625,599.4776000976562,611.4791259765625,336.2493591308594,336.2851867675781
313,486.1146240234375,473.52301025390625,474.2095642089844,484.1888427734375,481.6949462890625,480.9471435546875,476.0268859863281,476.439453125
314,579.3709716796875,519.6922607421875,358.1991882324219,426.7317810058594,640.6561889648438,568.7102661132812,280.984130859375,394.52362060546875
315,337.66046142578125,476.7606201171875,586.6783447265625,507.0435791015625,244.1912841796875,439.18353271484375,641.69091796875,541.8720092773438
316,323.8675231933594,498.8232421875,567.5775756835938,491.9550476074219,226.95375061035156,478.9548645019531,638.9265747070312,506.4069519042969
317,316.2978515625,522.335693359375,567.409912109375,468.3548583984375,232.37342834472656,523.3594970703125,635.289794921875,469.6400146484375
318,318.4593505859375,540.4337768554688,547.3329467773438,452.2239990234375,226.6958465576172,562.0279541015625,611.8987426757812,430.8590087890625
319,319.8765563964844,555.4495849609375,521.338134765625,425.5093994140625,248.26116943359375,591.3124389648438,586.9093017578125,385.01422119140625
320,318.03741455078125,565.7385864257812,494.8656005859375,380.4438171386719,252.79444885253906,622.8729858398438,549.6463623046875,341.7232360839844
321,454.47308349609375,385.07220458984375,329.6239929199219,558.1355590820312,504.63604736328125,309.6105041503906,272.2731628417969,626.379638671875
322,415.4182434082031,362.9656982421875,349.9942626953125,559.6609497070312,426.2867431640625,269.0190124511719,282.61700439453125,620.7021484375
323,380.1560363769531,339.52935791015625,342.64923095703125,557.805908203125,366.9493103027344,251.96444702148438,300.0700378417969,614.9041748046875
324,336.7723083496094,361.387939453125,347.6842041015625,553.0556640625,295.0994567871094,255.8968963623047,294.03424072265625,623.7134399414062
325,288.70513916015625,355.48712158203125,340.3827209472656,552.1264038085938,220.71026611328125,284.7520751953125,324.7319641113281,596.2219848632812
326,257.50872802734375,382.7843017578125,343.9580383300781,530.5021362304688,170.3524627685547,323.83209228515625,317.0870361328125,605.2086181640625
327,234.42457580566406,398.8010559082031,312.1255187988281,476.669677734375,138.77670288085938,363.1993103027344,281.8424072265625,521.2664794921875
328,210.7269744873047,423.1212158203125,237.28024291992188,465.01190185546875,115.97117614746094,410.3273010253906,170.2876739501953,463.9314270019531
329,185.05416870117188,454.3188171386719,308.18646240234375,489.71063232421875,98.27828979492188,463.69317626953125,256.9916687011719,516.5458374023438
330,179.6934814453125,480.4114685058594,331.9474182128906,490.2678527832031,97.68800354003906,511.6831970214844,266.2503356933594,517.8748168945312
331,182.95263671875,499.6726989746094,345.02166748046875,492.6627502441406,107.03558349609375,549.7965087890625,307.28851318359375,533.2859497070312
332,184.828857421875,518.7483520507812,340.06573486328125,499.9443359375,118.97307586669922,573.6805419921875,303.73858642578125,547.2916870117188
333,185.2473602294922,529.4507446289062,342.06951904296875,512.9187622070312,142.02877807617188,592.08544921875,317.26190185546875,584.4557495117188
334,191.67393493652344,529.72705078125,357.99603271484375,514.1272583007812,168.30712890625,600.0280151367188,359.3108215332031,596.4583129882812
335,193.2523956298828,525.0271606445312,356.3961181640625,509.8756103515625,193.96751403808594,589.5843505859375,367.3680114746094,594.5376586914062
336,197.7735595703125,519.559326171875,346.62347412109375,502.8673095703125,222.55947875976562,566.9053344726562,371.90863037109375,586.5471801757812
337,193.21421813964844,523.279541015625,338.3753356933594,496.5668640136719,225.79193115234375,574.5841064453125,373.3154296875,575.0767822265625
338,188.18052673339844,523.6190185546875,333.8419189453125,494.83807373046875,222.6287841796875,576.2800903320312,373.61572265625,566.2420043945312
339,178.66746520996094,516.1936645507812,330.10137939453125,491.1918640136719,213.71461486816406,567.3636474609375,374.4648742675781,556.7924194335938
340,162.74351501464844,511.49871826171875,323.87286376953125,487.69427490234375,207.47158813476562,554.59716796875,372.1419372558594,549.9530639648438
341,149.02198791503906,497.7422180175781,313.7768249511719,484.3612976074219,195.7815399169922,532.8561401367188,364.9771728515625,541.4963989257812
342,145.243896484375,503.0904235839844,308.65484619140625,482.2787780761719,193.01856994628906,544.8406372070312,366.6758728027344,534.6620483398438
343,146.3778533935547,501.2265319824219,296.60272216796875,479.1051025390625,213.6708526611328,545.7340087890625,363.82861328125,526.7493896484375
344,136.90011596679688,518.2540893554688,291.9730224609375,475.048095703125,192.51182556152344,566.8584594726562,359.9900207519531,522.80517578125
345,127.28636932373047,513.2060546875,284.0865783691406,471.70819091796875,198.6702117919922,550.4556274414062,347.8768615722656,516.884765625
346,125.28168487548828,513.572509765625,274.727294921875,464.1123046875,193.34912109375,545.29248046875,334.27459716796875,503.13665771484375
347,105.76220703125,514.3699951171875,260.5469055175781,464.34796142578125,167.14114379882812,546.7886962890625,325.43804931640625,499.6936340332031
348,98.80691528320312,516.0287475585938,251.43582153320312,465.62457275390625,156.3086700439453,551.609130859375,316.734619140625,497.6657409667969
349,101.83955383300781,505.5367126464844,238.2029571533203,468.4222412109375,189.6610565185547,527.3322143554688,309.2346496582031,511.68267822265625
350,74.26376342773438,507.13824462890625,230.65672302246094,472.7958984375,157.70823669433594,521.530029296875,301.2739562988281,517.4476318359375
351,45.08149337768555,501.5464782714844,220.8343048095703,475.31536865234375,110.13180541992188,506.9993896484375,286.8424377441406,520.603759765625
352,34.69522476196289,511.2230529785156,202.76426696777344,478.1271057128906,94.53925323486328,530.1249389648438,272.8280334472656,523.9637451171875
353,13.468048095703125,509.68927001953125,186.70501708984375,486.87872314453125,70.04443359375,532.4540405273438,256.2138671875,532.8958740234375
354,1.666534423828125,538.8003540039062,178.11964416503906,493.7417907714844,43.6483154296875,576.687744140625,242.33303833007812,539.9181518554688
355,0.0,533.4056396484375,170.1022186279297,495.8246154785156,23.341690063476562,562.342041015625,228.7850799560547,548.7384033203125
356,23.130237579345703,529.7188110351562,164.89305114746094,503.09796142578125,111.31137084960938,561.8367919921875,217.28086853027344,552.8521728515625
357,25.461450576782227,522.6469116210938,145.1438446044922,503.48968505859375,126.38237762451172,548.548095703125,197.89361572265625,557.076171875
358,16.406827926635742,523.5145263671875,139.0266876220703,510.4622802734375,101.36991119384766,555.3094482421875,184.80372619628906,567.5369262695312
359,33.07233810424805,515.2694702148438,131.46463012695312,499.8860778808594,118.6428451538086,555.9495849609375,171.5040740966797,572.5911865234375
360,27.557647705078125,513.8860473632812,127.72344207763672,504.0380859375,104.86544799804688,554.8760375976562,162.47085571289062,577.260009765625
361,47.4273681640625,517.8726196289062,122.76718139648438,508.6009826660156,133.84642028808594,570.5986328125,154.95701599121094,585.1857299804688
362,63.805118560791016,514.85009765625,119.73049926757812,510.506103515625,137.64830017089844,572.7044067382812,145.73318481445312,586.2257080078125
363,65.60140991210938,508.48553466796875,111.14129638671875,505.7625732421875,130.9953155517578,570.9274291992188,139.53671264648438,584.3936767578125
364,54.86518478393555,509.5926818847656,119.80998229980469,504.6833801269531,84.19291687011719,583.4225463867188,132.7702178955078,582.5205078125
365,36.71116256713867,508.5896301269531,111.19548797607422,502.04425048828125,60.80986404418945,584.6588134765625,131.01344299316406,579.9614868164062
366,38.32350158691406,512.2191162109375,101.53857421875,503.0629577636719,64.59590148925781,589.7493896484375,126.56000518798828,584.5383911132812
367,56.52187728881836,511.6601257324219,99.18313598632812,504.3149719238281,85.72007751464844,589.594482421875,122.599365234375,581.5621948242188
368,48.732295989990234,507.557373046875,94.85405731201172,499.9078063964844,78.38202667236328,587.4354248046875,121.39324951171875,578.3704833984375
369,51.362953186035156,497.4201965332031,91.47357177734375,492.85174560546875,77.73552703857422,560.9500732421875,119.52298736572266,564.574951171875
370,59.729637145996094,493.404052734375,86.01690673828125,489.62744140625,100.24871063232422,574.7212524414062,116.13546752929688,569.215087890625
371,63.847389221191406,494.4580078125,86.52493286132812,493.9227294921875,94.90689086914062,555.134033203125,116.10560607910156,561.7498168945312
372,79.6004638671875,485.486328125,83.84197998046875,489.2111511230469,113.29586791992188,557.1867065429688,111.25857543945312,559.6487426757812
373,71.27672576904297,484.7720947265625,80.85960388183594,487.69793701171875,102.8572998046875,551.987548828125,110.71809387207031,558.9473266601562
374,71.98054504394531,485.3352355957031,80.17345428466797,488.2297668457031,104.5456771850586,551.8489990234375,110.13706970214844,557.5740356445312
375,81.44401550292969,486.7568054199219,79.69059753417969,490.6548156738281,113.18939971923828,555.8601684570312,105.83064270019531,556.828857421875
376,82.78706359863281,487.76861572265625,79.23920440673828,493.1001892089844,115.92650604248047,557.231689453125,104.00383758544922,557.2501220703125
377,76.0469741821289,494.25982666015625,71.90663146972656,500.3961486816406,111.018310546875,560.4013671875,102.2868881225586,562.1683959960938
378,71.86278533935547,501.4820251464844,68.34841918945312,507.1264343261719,106.51049041748047,564.2733764648438,99.43476104736328,567.2916870117188
379,68.56105041503906,496.278564453125,69.09541320800781,495.2684326171875,107.74089050292969,570.8877563476562,102.12018585205078,564.6732788085938
380,43.51087188720703,472.5893859863281,52.87001037597656,474.15191650390625,60.1712532043457,530.3560791015625,64.37287902832031,532.0955810546875
381,26.010889053344727,443.71466064453125,27.234111785888672,442.7723083496094,21.40310287475586,455.730224609375,25.81298065185547,453.7283020019531
382,34.94248580932617,490.6564636230469,41.65522766113281,494.98077392578125,53.74771499633789,571.8790893554688,62.10777282714844,573.7210693359375
383,22.100337982177734,433.92584228515625,33.660118103027344,434.52276611328125,33.263771057128906,459.6262512207031,40.66395950317383,456.74322509765625
384,27.60274887084961,481.67938232421875,26.660907745361328,478.3894958496094,46.28276062011719,555.626953125,45.52993392944336,551.923828125
